"KAD_GEM_CODE","KAD_NAAM","BURG_NR","BURG_GEM_KODE","BURG_NAAM","BEW_CODE","BEW_NAAM","MAPINFO_ID"
"BDA00","BREDA","0758","BDA00","BREDA","13","BREDA",20046
"BDD00","BIRDAARD","1891","DTM01","DANTUMADIEL","20","LEEUWARDEN",20047
"BDE00","BUNDE","0938","MSN01","MEERSSEN","18","ROERMOND",20048
"BDG00","BODEGRAVEN","1901","BDG01","BODEGRAVEN-REEUWIJK","16","ZOETERMEER",20049
"BDK00","BLESDIJKE","0098","WSL03","WESTSTELLINGWERF","20","LEEUWARDEN",20050
"BDL01","BLADEL","1728","BDL01","BLADEL","19","EINDHOVEN",20051
"BDL02","BUDEL","1706","CND00","CRANENDONCK","19","EINDHOVEN",20052
"BDM00","BEDUM","0005","BDM00","BEDUM","22","GRONINGEN",20053
"BDN00","BEEGDEN","1641","MGW00","MAASGOUW","18","ROERMOND",20054
"BDV00","BREDEVOORT","0197","ATN02","AALTEN","25","ARNHEM",20055
"BDW00","BREDERWIEDE","1708","SWK02","STEENWIJKERLAND","23","ZWOLLE",20056
"BEE01","BEEK EN DONK","1659","LBK03","LAARBEEK","19","EINDHOVEN",20057
"BEE02","BEEK","0888","BEE02","BEEK","18","ROERMOND",20058
"BEE03","BEESD","0236","GDM00","GELDERMALSEN","25","ARNHEM",20059
"BEE05","BEETS","0478","ZVG00","ZEEVANG","24","ALKMAAR",20060
"BEK00","BERGEIJK","1724","BEK00","BERGEIJK","19","EINDHOVEN",20061
"BEL01","OUD-BEIJERLAND","0584","BEL01","OUD-BEIJERLAND","15","ROTTERDAM",20062
"BEL02","ZUID-BEIJERLAND","0588","KRD01","KORENDIJK","15","ROTTERDAM",20063
"BEL03","NIEUW-BEIJERLAND","0588","KRD01","KORENDIJK","15","ROTTERDAM",20064
"BER01","BERG EN TERBLIJT","0994","VKB01","VALKENBURG AAN DE GEUL","18","ROERMOND",20065
"BER02","BERGH","1955","MFL00","MONTFERLAND","25","ARNHEM",20066
"BES00","BEST","0753","BES00","BEST","19","EINDHOVEN",20067
"BFD00","BELFELD","0983","VLO00","VENLO","18","ROERMOND",20068
"BGM01","BEETGUM","1908","MNM00","MENAMERADIEL","20","LEEUWARDEN",20069
"BGM02","BERGUM","0737","TJS00","TYTSJERKSTERADIEL","20","LEEUWARDEN",20070
"BGN01","BERGEN OP ZOOM","0748","BGN01","BERGEN OP ZOOM","13","BREDA",20071
"BGN02","BERGEN (L)","0893","BGN02","BERGEN (L)","18","ROERMOND",20072
"BGN03","BERGEN (N.H.)","0373","BGN03","BERGEN (NH)","24","ALKMAAR",20073
"BGN04","BUGGENUM","1640","LDL00","LEUDAL","18","ROERMOND",20074
"BGR01","BORGER","1681","BGR01","BORGER-ODOORN","21","ASSEN",20075
"BGR02","BINGELRADE","0881","ODB00","ONDERBANKEN","18","ROERMOND",20076
"BGY00","BALGOY","0296","WCN00","WIJCHEN","25","ARNHEM",20077
"BHM00","BERGHEM","0828","OSS00","OSS","19","EINDHOVEN",20078
"BHR01","BORGHAREN","0935","MTT00","MAASTRICHT","18","ROERMOND",20079
"BHR02","BERGHAREN","0296","WCN00","WIJCHEN","25","ARNHEM",20080
"BHZ01","BROEKHUIZEN","1507","HOR03","HORST AAN DE MAAS","18","ROERMOND",20081
"BHZ02","BENTHUIZEN","1672","RWD03","RIJNWOUDE","16","ZOETERMEER",20082
"BIL01","DE BILT","0310","BIL01","DE BILT","17","UTRECHT",20083
"BJA00","BLIJA","1722","FWD02","FERWERDERADIEL","20","LEEUWARDEN",20084
"BKG00","BLESKENSGRAAF","1927","MLW00","MOLENWAARD","15","ROTTERDAM",20085
"BKH00","BLANKENHAM","1708","SWK02","STEENWIJKERLAND","23","ZWOLLE",20086
"BKL01","BERKEL EN RODENRIJS","1621","LSG00","LANSINGERLAND","15","ROTTERDAM",20087
"BKL02","BAKEL EN MILHEEZE","1652","GMT00","GEMERT-BAKEL","19","EINDHOVEN",20088
"BKL03","BREUKELEN SINT PIETERS","1904","SSE00","STICHTSE VECHT","17","UTRECHT",20089
"BKL04","BERKEL","0855","TBG01","TILBURG","13","BREDA",20090
"BKL05","BOEKEL","0755","BKL05","BOEKEL","19","EINDHOVEN",20091
"BKL06","BORKEL EN SCHAFT","0858","VKW00","VALKENSWAARD","19","EINDHOVEN",20092
"BKL07","BREUKELEN-NIJENRODE","1904","SSE00","STICHTSE VECHT","17","UTRECHT",20093
"BKL08","BRAKEL","0297","ZBM00","ZALTBOMMEL","25","ARNHEM",20094
"BKL09","BREUKELEN","1904","SSE00","STICHTSE VECHT","17","UTRECHT",20095
"BKP00","BOSKOOP","0499","BKP00","BOSKOOP","16","ZOETERMEER",20096
"BKW00","BERKENWOUDE","0491","BAB00","BERGAMBACHT","15","ROTTERDAM",20097
"BLC00","BERLICUM","0845","MCG00","SINT-MICHIELSGESTEL","19","EINDHOVEN",20098
"BLE01","BAARLE-NASSAU","0744","BLE01","BAARLE-NASSAU","13","BREDA",20099
"BLE02","BRIELLE","0501","BLE02","BRIELLE","15","ROTTERDAM",20100
"BLK00","BERLIKUM","1908","MNM00","MENAMERADIEL","20","LEEUWARDEN",20101
"BLM00","BALLUM","0060","AML04","AMELAND","20","LEEUWARDEN",20102
"BLN00","BEILEN","1731","DTE00","MIDDEN-DRENTHE","21","ASSEN",20103
"BLO00","BAFLO","0053","WSM04","WINSUM","22","GRONINGEN",20104
"BLW00","BELLINGWOLDE","0007","BLW00","BELLINGWEDDE","22","GRONINGEN",20105
"BMD00","BLOEMENDAAL","0377","BMD00","BLOEMENDAAL","14","AMSTERDAM",20106
"BML01","BEMELEN","1903","EDN01","EIJSDEN-MARGRATEN","18","ROERMOND",20107
"BML02","BEMMEL","1705","LGW01","LINGEWAARD","25","ARNHEM",20108
"BML03","DEN BOMMEL","1924","GRE01","GOEREE-OVERFLAKKEE","15","ROTTERDAM",20109
"BMN01","BRUMMEN","0213","BMN01","BRUMMEN","25","ARNHEM",20110
"BMN02","BATHMEN","0150","DVT00","DEVENTER","23","ZWOLLE",20111
"BMR00","BOXMEER","0756","BMR00","BOXMEER","19","EINDHOVEN",20112
"BMS00","BUURMALSEN","0236","GDM00","GELDERMALSEN","25","ARNHEM",20113
"BNB00","BENNEBROEK","0377","BMD00","BLOEMENDAAL","14","AMSTERDAM",20114
"BNE00","BORNE","0147","BNE00","BORNE","23","ZWOLLE",20115
"BNG00","BEUNINGEN","0209","BNG00","BEUNINGEN","25","ARNHEM",20116
"BNK01","BENNEKOM","0228","EDE01","EDE","25","ARNHEM",20117
"BNK02","BUNNIK","0312","BNK02","BUNNIK","17","UTRECHT",20118
"BNS00","BRUINISSE","1676","SWN00","SCHOUWEN-DUIVELAND","12","MIDDELBURG",20119
"BNS04","BERNISSE","0568","BNS04","BERNISSE","15","ROTTERDAM",20120
"BNV00","BARNEVELD","0203","BNV00","BARNEVELD","25","ARNHEM",20121
"BOE00","TEN BOER","0009","BOE00","TEN BOER","22","GRONINGEN",20122
"BOR00","BORN","1883","STD01","SITTARD-GELEEN","18","ROERMOND",20123
"BRC00","BLARICUM","0376","BRC00","BLARICUM","14","AMSTERDAM",20124
"BRD00","BARENDRECHT","0489","BRD00","BARENDRECHT","15","ROTTERDAM",20125
"BRM01","BIERUM","0010","DZL01","DELFZIJL","22","GRONINGEN",20126
"BRM02","BURUM","0079","KLM02","KOLLUMERLAND EN NIEUWKRUISLAND","20","LEEUWARDEN",20127
"BRN00","BUREN","0214","BRN00","BUREN","25","ARNHEM",20128
"BRO00","BROEK IN WATERLAND","0852","WTL00","WATERLAND","24","ALKMAAR",20129
"BSC00","BEUSICHEM","0214","BRN00","BUREN","25","ARNHEM",20130
"BSG00","BARSINGERHORN","1911","HLS00","HOLLANDS KROON","24","ALKMAAR",20131
"BSH00","BERGSCHENHOEK","1621","LSG00","LANSINGERLAND","15","ROTTERDAM",20132
"BSL01","BORSELE","0654","BSL01","BORSELE","12","MIDDELBURG",20133
"BSL02","BEESEL","0889","BSL02","BEESEL","18","ROERMOND",20134
"BSM01","BUSSUM","0381","BSM01","BUSSUM","14","AMSTERDAM",20135
"BSM02","BRUNSSUM","0899","BSM02","BRUNSSUM","18","ROERMOND",20136
"BSP00","BENSCHOP","0331","LPK00","LOPIK","17","UTRECHT",20137
"BSR00","BEEMSTER","0370","BSR00","BEEMSTER","24","ALKMAAR",20138
"BST01","BUNSCHOTEN","0313","BST01","BUNSCHOTEN","17","UTRECHT",20139
"BSZ00","BEETSTERZWAAG","0086","OSL00","OPSTERLAND","20","LEEUWARDEN",20140
"BTA00","BEERTA","1895","OAT00","OLDAMBT","22","GRONINGEN",20141
"BTB00","BATENBURG","0296","WCN00","WIJCHEN","25","ARNHEM",20142
"BTL00","BOXTEL","0757","BTL00","BOXTEL","19","EINDHOVEN",20143
"BTP00","BUITENPOST","0059","AKS02","ACHTKARSPELEN","20","LEEUWARDEN",20144
"BVW00","BEVERWIJK","0375","BVW00","BEVERWIJK","24","ALKMAAR",20145
"BWD01","BOLSWARD","1900","FLN00","SUDWEST FRYSLAN","20","LEEUWARDEN",20146
"BWD02","BURGWERD","1900","FLN00","SUDWEST FRYSLAN","20","LEEUWARDEN",20147
"BWH00","BROUWERSHAVEN","1676","SWN00","SCHOUWEN-DUIVELAND","12","MIDDELBURG",20148
"BWK01","BRANDWIJK","1927","MLW00","MOLENWAARD","15","ROTTERDAM",20149
"BWK02","BLEISWIJK","1621","LSG00","LANSINGERLAND","15","ROTTERDAM",20150
"BWW00","BARWOUTSWAARDER","0632","WDN01","WOERDEN","17","UTRECHT",20151
"BXM00","BAEXEM","1640","LDL00","LEUDAL","18","ROERMOND",20152
"BZL00","BLOKZIJL","1708","SWK02","STEENWIJKERLAND","23","ZWOLLE",20153
"CDR00","CADIER EN KEER","1903","EDN01","EIJSDEN-MARGRATEN","18","ROERMOND",20154
"CHA00","CHAAM","1723","APN03","ALPHEN-CHAAM","13","BREDA",20155
"CLB00","CULEMBORG","0216","CLB00","CULEMBORG","25","ARNHEM",20156
"CLO00","CALLANTSOOG","0441","SGN00","SCHAGEN","24","ALKMAAR",20157
"CLS00","CHARLOIS","0599","RTD01","ROTTERDAM","15","ROTTERDAM",20158
"CPL01","CAPELLE AAN DEN IJSSEL","0502","CPL01","CAPELLE AAN DEN IJSSEL","15","ROTTERDAM",20159
"CPL02","CAPELLE","0867","WWK00","WAALWIJK","13","BREDA",20160
"CTC00","CASTRICUM","0383","CTC00","CASTRICUM","24","ALKMAAR",20161
"CTN00","COTHEN","0352","WIJ01","WIJK BIJ DUURSTEDE","17","UTRECHT",20162
"CTR00","CATHARIJNE","0344","UTT00","UTRECHT","17","UTRECHT",20163
"CUI00","CUIJK","1684","CUI00","CUIJK","19","EINDHOVEN",20164
"CVD00","COEVORDEN","0109","CVD00","COEVORDEN","21","ASSEN",20165
"DBD00","DUBBELDAM","0505","DDT00","DORDRECHT","15","ROTTERDAM",20166
"DBG01","DRIEBERGEN-RIJSENBURG","1581","UTS00","UTRECHTSE HEUVELRUG","17","UTRECHT",20167
"DBG02","DOESBURG","0221","DBG02","DOESBURG","25","ARNHEM",20168
"DBG03","DOMBURG","0717","VRE00","VEERE","12","MIDDELBURG",20169
"DDM00","DIDAM","1955","MFL00","MONTFERLAND","25","ARNHEM",20170
"DDN01","AMBT-DELDEN","1735","HOF00","HOF VAN TWENTE","23","ZWOLLE",20171
"DDN02","STAD-DELDEN","1735","HOF00","HOF VAN TWENTE","23","ZWOLLE",20172
"DDT00","DORDRECHT","0505","DDT00","DORDRECHT","15","ROTTERDAM",20173
"DDW00","DODEWAARD","1740","NDR00","NEDER-BETUWE","25","ARNHEM",20174
"DEI00","DEIL","0236","GDM00","GELDERMALSEN","25","ARNHEM",20175
"DEL00","DELFT","0503","DEL00","DELFT","16","ZOETERMEER",20176
"DGH00","DROGEHAM","0059","AKS02","ACHTKARSPELEN","20","LEEUWARDEN",20177
"DGL00","DWINGELOO","1701","WTV01","WESTERVELD","21","ASSEN",20178
"DGN01","DONGEN","0766","DGN01","DONGEN","13","BREDA",20179
"DGN02","DEN DUNGEN","0845","MCG00","SINT-MICHIELSGESTEL","19","EINDHOVEN",20180
"DHV00","DELFSHAVEN","0599","RTD01","ROTTERDAM","15","ROTTERDAM",20181
"DKB00","DONKERBROEK","0085","OTL02","OOSTSTELLINGWERF","20","LEEUWARDEN",20182
"DKM00","DOKKUM","0058","DGR00","DONGERADEEL","20","LEEUWARDEN",20183
"DLD00","DIRKSLAND","1924","GRE01","GOEREE-OVERFLAKKEE","15","ROTTERDAM",20184
"DLN00","DALEN","0109","CVD00","COEVORDEN","21","ASSEN",20185
"DML02","DREUMEL","0668","MAA01","WEST MAAS EN WAAL","25","ARNHEM",20186
"DMN00","DIEMEN","0384","DMN00","DIEMEN","14","AMSTERDAM",20187
"DNB00","DOORNENBURG","1705","LGW01","LINGEWAARD","25","ARNHEM",20188
"DNE00","DEURNE","0762","DNE00","DEURNE","19","EINDHOVEN",20189
"DNK00","DENEKAMP","1774","DKL00","DINKELLAND","23","ZWOLLE",20190
"DNM00","DEINUM","1908","MNM00","MENAMERADIEL","20","LEEUWARDEN",20191
"DNN00","DRUNEN","0797","HDN02","HEUSDEN","13","BREDA",20192
"DOO00","DOORN","1581","UTS00","UTRECHTSE HEUVELRUG","17","UTRECHT",20193
"DPH00","DIEPENHEIM","1735","HOF00","HOF VAN TWENTE","23","ZWOLLE",20194
"DPL00","DINXPERLO","0197","ATN02","AALTEN","25","ARNHEM",20195
"DPV00","DIEPENVEEN","0150","DVT00","DEVENTER","23","ZWOLLE",20196
"DRI00","DRIEL","1734","OVB00","OVERBETUWE","25","ARNHEM",20197
"DRN00","DIEREN","0275","RDN02","RHEDEN","25","ARNHEM",20198
"DRP00","DRONRIJP","1908","MNM00","MENAMERADIEL","20","LEEUWARDEN",20199
"DSK00","DOORNSPIJK","0230","EBG01","ELBURG","25","ARNHEM",20200
"DSN01","DALFSEN","0148","DSN01","DALFSEN","23","ZWOLLE",20201
"DSN02","DIESSEN","0798","HVR00","HILVARENBEEK","19","EINDHOVEN",20202
"DSN03","DUSSEN","0870","WKD00","WERKENDAM","13","BREDA",20203
"DTC01","AMBT-DOETINCHEM","0222","DTC03","DOETINCHEM","25","ARNHEM",20204
"DTC02","STAD-DOETINCHEM","0222","DTC03","DOETINCHEM","25","ARNHEM",20205
"DTL00","DRECHTERLAND","0498","DTL00","DRECHTERLAND","24","ALKMAAR",20206
"DTN01","DRONTEN","0303","DTN01","DRONTEN","26","LELYSTAD",20207
"DTN02","DRACHTEN","0090","SLE01","SMALLINGERLAND","20","LEEUWARDEN",20208
"DTN03","DRUTEN","0225","DTN03","DRUTEN","25","ARNHEM",20209
"GPN00","GULPEN","1729","GPN00","GULPEN-WITTEM","18","ROERMOND",20284
"GRA03","GRAFT-DE RIJP","0365","GRA01","GRAFT-DE RIJP","24","ALKMAAR",20285
"GRC00","GORINCHEM","0512","GRC00","GORINCHEM","15","ROTTERDAM",20286
"GRD00","GORREDIJK","0086","OSL00","OPSTERLAND","20","LEEUWARDEN",20287
"GRO00","GROUW","0055","BSH01","BOARNSTERHIM","20","LEEUWARDEN",20288
"GSB00","GIESSENBURG","0689","GSL00","GIESSENLANDEN","15","ROTTERDAM",20289
"GSL01","GORSSEL","0262","LCM00","LOCHEM","25","ARNHEM",20290
"GSN00","GROESSEN EN LOO","0226","DVN00","DUIVEN","25","ARNHEM",20291
"GST00","GASSELTE","1680","AAH00","AA EN HUNZE","21","ASSEN",20292
"GTD01","GEERTRUIDENBERG","0779","GTD01","GEERTRUIDENBERG","13","BREDA",20293
"GTD02","SINT GEERTRUID","1903","EDN01","EIJSDEN-MARGRATEN","18","ROERMOND",20294
"GTG00","GROOTEGAST","0015","GTG00","GROOTEGAST","22","GRONINGEN",20295
"GTL01","GESTEL","0772","EHV00","EINDHOVEN","19","EINDHOVEN",20296
"GTL02","OUD EN NIEUW GASTEL","1655","HDB01","HALDERBERGE","13","BREDA",20297
"GTM00","GRATHEM","1640","LDL00","LEUDAL","18","ROERMOND",20298
"GTN00","GIETEN","1680","AAH00","AA EN HUNZE","21","ASSEN",20299
"GTR00","GEESTEREN","1859","BKL10","BERKELLAND","25","ARNHEM",20300
"GVB00","GREVENBICHT","1883","STD01","SITTARD-GELEEN","18","ROERMOND",20301
"GVD01","GRONSVELD","1903","EDN01","EIJSDEN-MARGRATEN","18","ROERMOND",20302
"GVD02","'S-GRAVENDEEL","0585","BNM00","BINNENMAAS","15","ROTTERDAM",20303
"GVE00","GRAVE","0786","GVE00","GRAVE","19","EINDHOVEN",20304
"GVH00","'S-GRAVENHAGE C","0518","GVH00","'S-GRAVENHAGE","16","ZOETERMEER",20305
"GVH01","'S-GRAVENHAGE D","0518","GVH00","'S-GRAVENHAGE","16","ZOETERMEER",20306
"GVH02","'S-GRAVENHAGE E","0518","GVH00","'S-GRAVENHAGE","16","ZOETERMEER",20307
"GVH03","'S-GRAVENHAGE F","0518","GVH00","'S-GRAVENHAGE","16","ZOETERMEER",20308
"GVH04","'S-GRAVENHAGE G","0518","GVH00","'S-GRAVENHAGE","16","ZOETERMEER",20309
"GVH05","'S-GRAVENHAGE H","0518","GVH00","'S-GRAVENHAGE","16","ZOETERMEER",20310
"GVH06","'S-GRAVENHAGE I","0518","GVH00","'S-GRAVENHAGE","16","ZOETERMEER",20311
"GVH07","'S-GRAVENHAGE K","0518","GVH00","'S-GRAVENHAGE","16","ZOETERMEER",20312
"GVH08","'S-GRAVENHAGE L","0518","GVH00","'S-GRAVENHAGE","16","ZOETERMEER",20313
"GVH09","'S-GRAVENHAGE N","0518","GVH00","'S-GRAVENHAGE","16","ZOETERMEER",20314
"GVH10","'S-GRAVENHAGE O","0518","GVH00","'S-GRAVENHAGE","16","ZOETERMEER",20315
"GVH11","'S-GRAVENHAGE P","0518","GVH00","'S-GRAVENHAGE","16","ZOETERMEER",20316
"GVH12","'S-GRAVENHAGE R","0518","GVH00","'S-GRAVENHAGE","16","ZOETERMEER",20317
"GVH13","'S-GRAVENHAGE U","0518","GVH00","'S-GRAVENHAGE","16","ZOETERMEER",20318
"GVH14","'S-GRAVENHAGE V","0518","GVH00","'S-GRAVENHAGE","16","ZOETERMEER",20319
"GVH15","'S-GRAVENHAGE W","0518","GVH00","'S-GRAVENHAGE","16","ZOETERMEER",20320
"GVH16","'S-GRAVENHAGE X","0518","GVH00","'S-GRAVENHAGE","16","ZOETERMEER",20321
"GVH17","'S-GRAVENHAGE Y","0518","GVH00","'S-GRAVENHAGE","16","ZOETERMEER",20322
"GVH18","'S-GRAVENHAGE Z","0518","GVH00","'S-GRAVENHAGE","16","ZOETERMEER",20323
"GVH19","'S-GRAVENHAGE AB","0518","GVH00","'S-GRAVENHAGE","16","ZOETERMEER",20324
"GVH20","'S-GRAVENHAGE AC","0518","GVH00","'S-GRAVENHAGE","16","ZOETERMEER",20325
"GVH21","'S-GRAVENHAGE AD","0518","GVH00","'S-GRAVENHAGE","16","ZOETERMEER",20326
"GVH22","'S-GRAVENHAGE AE","0518","GVH00","'S-GRAVENHAGE","16","ZOETERMEER",20327
"GVH23","'S-GRAVENHAGE AF","0518","GVH00","'S-GRAVENHAGE","16","ZOETERMEER",20328
"GVH24","'S-GRAVENHAGE AG","0518","GVH00","'S-GRAVENHAGE","16","ZOETERMEER",20329
"GVH25","'S-GRAVENHAGE AH","0518","GVH00","'S-GRAVENHAGE","16","ZOETERMEER",20330
"GVH26","'S-GRAVENHAGE AI","0518","GVH00","'S-GRAVENHAGE","16","ZOETERMEER",20331
"GVH27","'S-GRAVENHAGE AK","0518","GVH00","'S-GRAVENHAGE","16","ZOETERMEER",20332
"GVH28","'S-GRAVENHAGE AL","0518","GVH00","'S-GRAVENHAGE","16","ZOETERMEER",20333
"GVH29","'S-GRAVENHAGE AM","0518","GVH00","'S-GRAVENHAGE","16","ZOETERMEER",20334
"GVH30","'S-GRAVENHAGE AN","0518","GVH00","'S-GRAVENHAGE","16","ZOETERMEER",20335
"GVH31","'S-GRAVENHAGE AO","0518","GVH00","'S-GRAVENHAGE","16","ZOETERMEER",20336
"GVH32","'S-GRAVENHAGE AP","0518","GVH00","'S-GRAVENHAGE","16","ZOETERMEER",20337
"GVH33","'S-GRAVENHAGE AR","0518","GVH00","'S-GRAVENHAGE","16","ZOETERMEER",20338
"GVH34","'S-GRAVENHAGE AS","0518","GVH00","'S-GRAVENHAGE","16","ZOETERMEER",20339
"GVH35","'S-GRAVENHAGE AU","0518","GVH00","'S-GRAVENHAGE","16","ZOETERMEER",20340
"GVH36","'S-GRAVENHAGE AV","0518","GVH00","'S-GRAVENHAGE","16","ZOETERMEER",20341
"GVH37","'S-GRAVENHAGE AW","0518","GVH00","'S-GRAVENHAGE","16","ZOETERMEER",20342
"GVH38","'S-GRAVENHAGE AX","0518","GVH00","'S-GRAVENHAGE","16","ZOETERMEER",20343
"GVH39","'S-GRAVENHAGE AY","0518","GVH00","'S-GRAVENHAGE","16","ZOETERMEER",20344
"GVH40","'S-GRAVENHAGE AZ","0518","GVH00","'S-GRAVENHAGE","16","ZOETERMEER",20345
"GVH41","'S-GRAVENHAGE BB","0518","GVH00","'S-GRAVENHAGE","16","ZOETERMEER",20346
"GVH42","'S-GRAVENHAGE BC","0518","GVH00","'S-GRAVENHAGE","16","ZOETERMEER",20347
"GVH43","'S-GRAVENHAGE BD","0518","GVH00","'S-GRAVENHAGE","16","ZOETERMEER",20348
"GVH44","'S-GRAVENHAGE BE","0518","GVH00","'S-GRAVENHAGE","16","ZOETERMEER",20349
"GVH45","'S-GRAVENHAGE BF","0518","GVH00","'S-GRAVENHAGE","16","ZOETERMEER",20350
"GVH46","'S-GRAVENHAGE BG","0518","GVH00","'S-GRAVENHAGE","16","ZOETERMEER",20351
"IMD00","IJMUIDEN","0453","VSN01","VELSEN","14","AMSTERDAM",20472
"ISH00","IJSSELHAM","1708","SWK02","STEENWIJKERLAND","23","ZWOLLE",20473
"ISM01","IJSSELMONDE","0599","RTD01","ROTTERDAM","15","ROTTERDAM",20474
"ISM02","IJSSELMUIDEN","0166","KPN01","KAMPEN","23","ZWOLLE",20475
"ISM03","IJSSELMEER","0000","ISM03","IJSSELMEER","23","ZWOLLE",20476
"ISS00","IJSSELSTEIN","0353","ISS00","IJSSELSTEIN","17","UTRECHT",20477
"ITR00","ITTEREN","0935","MTT00","MAASTRICHT","18","ROERMOND",20478
"ITV00","ITTERVOORT","1640","LDL00","LEUDAL","18","ROERMOND",20479
"JBK00","JABEEK","0881","ODB00","ONDERBANKEN","18","ROERMOND",20480
"JCB00","SINT JACOBI PAROCHIE","0063","BIL02","HET BILDT","20","LEEUWARDEN",20481
"JHN00","SINT JOHANNESGA","0051","STL00","SKARSTERLAN","20","LEEUWARDEN",20482
"JIS00","JISP","0880","WML00","WORMERLAND","24","ALKMAAR",20483
"JPS00","JUTPHAAS","0356","NWG00","NIEUWEGEIN","17","UTRECHT",20484
"JRE00","JOURE","0051","STL00","SKARSTERLAN","20","LEEUWARDEN",20485
"JSM00","JELSUM","0081","LWD01","LEEUWARDERADEEL","20","LEEUWARDEN",20486
"JVD00","JAARSVELD","0331","LPK00","LOPIK","17","UTRECHT",20487
"JWD00","JORWERD","0140","LTS00","LITTENSERADIEL","20","LEEUWARDEN",20488
"KBD00","KRABBENDIJKE","0703","RMW00","REIMERSWAAL","12","MIDDELBURG",20489
"KDC00","KEDICHEM","0545","LDM00","LEERDAM","15","ROTTERDAM",20490
"KDK01","KWADIJK","0478","ZVG00","ZEEVANG","24","ALKMAAR",20491
"KDK02","KOUDEKERK AAN DEN RIJN","1672","RWD03","RIJNWOUDE","16","ZOETERMEER",20492
"KDM00","KOUDUM","1900","FLN00","SUDWEST FRYSLAN","20","LEEUWARDEN",20493
"KDT00","KLUNDERT","1709","MDK00","MOERDIJK","13","BREDA",20494
"KGL01","NOORDER-KOGGENLAND","0420","MDB02","MEDEMBLIK","24","ALKMAAR",20495
"KGL02","WESTER-KOGGENLAND","1598","KGL03","KOGGENLAND","24","ALKMAAR",20496
"KGN00","KORTGENE","1695","BVL00","NOORD-BEVELAND","12","MIDDELBURG",20497
"KKG00","KOCKENGEN","1904","SSE00","STICHTSE VECHT","17","UTRECHT",20498
"KLG00","KRALINGEN","0599","RTD01","ROTTERDAM","15","ROTTERDAM",20499
"KLM00","KOLLUM","0079","KLM02","KOLLUMERLAND EN NIEUWKRUISLAND","20","LEEUWARDEN",20500
"KMN01","KROMMENIE","0479","ZSD00","ZAANSTAD","14","AMSTERDAM",20501
"KMN02","KLIMMEN","0986","VRD00","VOERENDAAL","18","ROERMOND",20502
"KMR00","KAMERIK","0632","WDN01","WOERDEN","17","UTRECHT",20503
"KNG00","KRUININGEN","0703","RMW00","REIMERSWAAL","12","MIDDELBURG",20504
"KOO00","KOOG AAN DE ZAAN","0479","ZSD00","ZAANSTAD","14","AMSTERDAM",20505
"KPE00","KNIJPE","0074","HRV01","HEERENVEEN","20","LEEUWARDEN",20506
"KPL01","KAPELLE","0678","KPL01","KAPELLE","12","MIDDELBURG",20507
"KPL02","KEPPEL","1876","BHT00","BRONCKHORST","25","ARNHEM",20508
"KPN01","KAMPEN","0166","KPN01","KAMPEN","23","ZWOLLE",20509
"KPN02","KRIMPEN AAN DEN IJSSEL","0542","KPN02","KRIMPEN AAN DEN IJSSEL","15","ROTTERDAM",20510
"KPN03","KRIMPEN AAN DE LEK","0643","NDL01","NEDERLEK","15","ROTTERDAM",20511
"KRD00","KERKRADE","0928","KRD00","KERKRADE","18","ROERMOND",20512
"KRE00","KUINRE","1708","SWK02","STEENWIJKERLAND","23","ZWOLLE",20513
"KRI00","KRING VAN DORTH","0262","LCM00","LOCHEM","25","ARNHEM",20514
"KSL00","KESSEL","1894","PEE00","PEEL EN MAAS","18","ROERMOND",20515
"KTB00","KLOOSTERBUREN","1663","MNE00","DE MARNE","22","GRONINGEN",20516
"KTG00","KLOETINGE","0664","GOE00","GOES","12","MIDDELBURG",20517
"KTH00","KORTENHOEF","1696","WDM02","WIJDEMEREN","14","AMSTERDAM",20518
"KTN00","KOOTEN","0059","AKS02","ACHTKARSPELEN","20","LEEUWARDEN",20519
"KTR00","KESTEREN","1740","NDR00","NEDER-BETUWE","25","ARNHEM",20520
"KTS00","KANTENS","1651","EMD03","EEMSMOND","22","GRONINGEN",20521
"KWD00","KATWOUDE","0852","WTL00","WATERLAND","24","ALKMAAR",20522
"KWK01","KATWIJK","0537","KWK01","KATWIJK","16","ZOETERMEER",20523
"KWK02","KERKWIJK","0297","ZBM00","ZALTBOMMEL","25","ARNHEM",20524
"KWL00","KLAASWAAL","0611","CSE00","CROMSTRIJEN","15","ROTTERDAM",20525
"LBH00","LOBITH EN SPIJK","0196","RWD00","RIJNWAARDEN","25","ARNHEM",20526
"LBK01","LEERBROEK","0707","ZDR00","ZEDERIK","15","ROTTERDAM",20527
"LBK02","LANGBROEK","0352","WIJ01","WIJK BIJ DUURSTEDE","17","UTRECHT",20528
"LBT00","LIMBRICHT","1883","STD01","SITTARD-GELEEN","18","ROERMOND",20529
"LCM00","LOCHEM","0262","LCM00","LOCHEM","25","ARNHEM",20530
"LDD00","LEIDERDORP","0547","LDD00","LEIDERDORP","16","ZOETERMEER",20531
"LDE01","LEENDE","1658","HZE00","HEEZE-LEENDE","19","EINDHOVEN",20532
"LDE02","LIEMPDE","0757","BTL00","BOXTEL","19","EINDHOVEN",20533
"LDM00","LEERDAM","0545","LDM00","LEERDAM","15","ROTTERDAM",20534
"LDN01","LEIDEN","0546","LDN01","LEIDEN","16","ZOETERMEER",20535
"LDN02","LEUSDEN","0327","LDN02","LEUSDEN","17","UTRECHT",20536
"LDN03","LOOSDUINEN","0518","GVH00","'S-GRAVENHAGE","16","ZOETERMEER",20537
"LDN04","LIENDEN","0214","BRN00","BUREN","25","ARNHEM",20538
"LDT00","LOOSDRECHT","1696","WDM01","WIJDEMEREN","17","UTRECHT",20539
"LEE01","LEEK","0022","LEE01","LEEK","22","GRONINGEN",20540
"LEE02","LEENS","1663","MNE00","DE MARNE","22","GRONINGEN",20541
"LEN00","LENT","0268","NMG00","NIJMEGEN","25","ARNHEM",20542
"LEU00","LEUTH","0282","UBG00","UBBERGEN","25","ARNHEM",20543
"LGD00","LANGEDIJK","0416","LGD00","LANGEDIJK","24","ALKMAAR",20544
"LGF00","LANDGRAAF","0882","LGF00","LANDGRAAF","18","ROERMOND",20545
"LGR00","LANGERAK","1927","MLW00","MOLENWAARD","15","ROTTERDAM",20546
"LGT00","LUYKSGESTEL","1724","BEK00","BERGEIJK","19","EINDHOVEN",20547
"LGZ00","LANGEZWAAG","0086","OSL00","OPSTERLAND","20","LEEUWARDEN",20548
"LHE00","LITHOIJEN","0828","OSS00","OSS","19","EINDHOVEN",20549
"LHT00","LIESHOUT","1659","LBK03","LAARBEEK","19","EINDHOVEN",20550
"LIE00","DE LIER","1783","WLD00","WESTLAND","16","ZOETERMEER",20551
"LIT00","LITH","0828","OSS00","OSS","19","EINDHOVEN",20552
"LKK00","LEKKERKERK","0643","NDL01","NEDERLEK","15","ROTTERDAM",20553
"LKL00","NIEUW-LEKKERLAND","1927","MLW00","MOLENWAARD","15","ROTTERDAM",20554
"LLS00","LELYSTAD","0995","LLS00","LELYSTAD","26","LELYSTAD",20555
"LMD01","LEXMOND","0707","ZDR00","ZEDERIK","15","ROTTERDAM",20556
"LMD02","LEIMUIDEN","1884","KAA00","KAAG EN BRAASSEM","16","ZOETERMEER",20557
"LMN00","LIMMEN","0383","CTC00","CASTRICUM","24","ALKMAAR",20558
"LMR01","LEMMER","0082","LSL00","LEMSTERLAND","20","LEEUWARDEN",20559
"LMR02","LANDSMEER","0415","LMR02","LANDSMEER","14","AMSTERDAM",20560
"LNE00","LINNE","1641","MGW00","MAASGOUW","18","ROERMOND",20561
"LNK00","LONNEKER","0153","ESD00","ENSCHEDE","23","ZWOLLE",20562
"LNN00","LOENEN","1904","SSE00","STICHTSE VECHT","17","UTRECHT",20563
"LOO00","LOON OP ZAND","0809","LOO00","LOON OP ZAND","13","BREDA",20564
"LPH00","LIPPENHUIZEN","0086","OSL00","OPSTERLAND","20","LEEUWARDEN",20565
"LPK00","LOPIK","0331","LPK00","LOPIK","17","UTRECHT",20566
"LPS00","LOPPERSUM","0024","LPS00","LOPPERSUM","22","GRONINGEN",20567
"LRN01","LAREN","0417","LRN01","LAREN","14","AMSTERDAM",20568
"LRN02","LAREN (GLD)","0262","LCM00","LOCHEM","25","ARNHEM",20569
"LRN03","LAREN-VERWOLDE","0262","LCM00","LOCHEM","25","ARNHEM",20570
"LSE00","LISSE","0553","LSE00","LISSE","16","ZOETERMEER",20571
"LSM00","LEERSUM","1581","UTS00","UTRECHTSE HEUVELRUG","17","UTRECHT",20572
"LSR00","LOSSER","0168","LSR00","LOSSER","23","ZWOLLE",20573
"LST00","LINSCHOTEN","0335","MFT01","MONTFOORT","17","UTRECHT",20574
"LTR00","LUNTEREN","0228","EDE01","EDE","25","ARNHEM",20575
"LTV00","LICHTENVOORDE","1586","GRE00","OOST GELRE","25","ARNHEM",20576
"LWD00","LEEUWARDEN","0080","LWD00","LEEUWARDEN","20","LEEUWARDEN",20577
"LWN00","LEEUWEN","0668","MAA01","WEST MAAS EN WAAL","25","ARNHEM",20578
"LWR01","LAUWERECHT","0344","UTT00","UTRECHT","17","UTRECHT",20579
"LWR02","LANGWEER","0051","STL00","SKARSTERLAN","20","LEEUWARDEN",20580
"MAA00","MAARN","1581","UTS00","UTRECHTSE HEUVELRUG","17","UTRECHT",20581
"MBE00","MAASBREE","1894","PEE00","PEEL EN MAAS","18","ROERMOND",20582
"MBM00","MAASBOMMEL","0668","MAA01","WEST MAAS EN WAAL","25","ARNHEM",20583
"MBT00","MAASBRACHT","1641","MGW00","MAASGOUW","18","ROERMOND",20584
"MCG00","SINT MICHIELSGESTEL","0845","MCG00","SINT-MICHIELSGESTEL","19","EINDHOVEN",20585
"MDB01","MIDDELBURG","0687","MDB01","MIDDELBURG","12","MIDDELBURG",20586
"MDB02","MEDEMBLIK","0420","MDB02","MEDEMBLIK","24","ALKMAAR",20587
"MDB03","OOST-,WEST- EN MIDDELBEERS","0823","OST00","OIRSCHOT","19","EINDHOVEN",20588
"MDE01","MADE EN DRIMMELEN","1719","DML00","DRIMMELEN","13","BREDA",20589
"MDE02","HOOGE EN LAGE MIERDE","1667","RSL00","REUSEL-DE MIERDEN","19","EINDHOVEN",20590
"MDH00","MIDDELHARNIS","1924","GRE01","GOEREE-OVERFLAKKEE","15","ROTTERDAM",20591
"GVH47","'S-GRAVENHAGE BH","0518","GVH00","'S-GRAVENHAGE","16","ZOETERMEER",20352
"GVH48","'S-GRAVENHAGE BI","0518","GVH00","'S-GRAVENHAGE","16","ZOETERMEER",20353
"GVH49","'S-GRAVENHAGE BK","0518","GVH00","'S-GRAVENHAGE","16","ZOETERMEER",20354
"GVL00","'S-GRAVELAND","1696","WDM02","WIJDEMEREN","14","AMSTERDAM",20355
"GVM00","'S-GRAVENMOER","0766","DGN01","DONGEN","13","BREDA",20356
"GVT00","GEERVLIET","0568","BNS04","BERNISSE","15","ROTTERDAM",20357
"GVZ00","'S-GRAVENZANDE","1783","WLD00","WESTLAND","16","ZOETERMEER",20358
"GWD00","GOUDSWAARD","0588","KRD01","KORENDIJK","15","ROTTERDAM",20359
"GZE00","GILZE EN RIJEN","0784","GZE00","GILZE EN RIJEN","13","BREDA",20360
"HAL00","HALL","0213","BMN01","BRUMMEN","25","ARNHEM",20361
"HAM00","DEN HAM","1700","TTR01","TWENTERAND","23","ZWOLLE",20362
"HBG01","HAAKSBERGEN","0158","HBG01","HAAKSBERGEN","23","ZWOLLE",20363
"HBG02","HULSBERG","0951","NUT00","NUTH","18","ROERMOND",20364
"HBG03","HUIJBERGEN","0873","WDT00","WOENSDRECHT","13","BREDA",20365
"HBK00","HOENSBROEK","0917","HLN01","HEERLEN","18","ROERMOND",20366
"HBL00","HOOGBLOKLAND","0689","GSL00","GIESSENLANDEN","15","ROTTERDAM",20367
"HDB01","AMBT-HARDENBERG","0160","HDB00","HARDENBERG","23","ZWOLLE",20368
"HDB02","STAD-HARDENBERG","0160","HDB00","HARDENBERG","23","ZWOLLE",20369
"HDE00","HEERDE","0246","HDE00","HEERDE","25","ARNHEM",20370
"HDG00","HARDEGARIJP","0737","TJS00","TYTSJERKSTERADIEL","20","LEEUWARDEN",20371
"HDK03","HENDRIK-IDO-AMBACHT","0531","HDK03","HENDRIK-IDO-AMBACHT","15","ROTTERDAM",20372
"HDL01","HEDEL","0263","MDL01","MAASDRIEL","25","ARNHEM",20373
"HDL02","HINDELOOPEN","1900","FLN00","SUDWEST FRYSLAN","20","LEEUWARDEN",20374
"HDN01","HELDEN","1894","PEE00","PEEL EN MAAS","18","ROERMOND",20375
"HDN02","HEUSDEN","0797","HDN02","HEUSDEN","13","BREDA",20376
"HDR00","DEN HELDER","0400","HDR00","DEN HELDER","24","ALKMAAR",20377
"HDV00","HARDINXVELD-GIESSENDAM","0523","HDV00","HARDINXVELD-GIESSENDAM","15","ROTTERDAM",20378
"HDW00","HARDERWIJK","0243","HDW00","HARDERWIJK","25","ARNHEM",20379
"HEE01","HEEL EN PANHEEL","1641","MGW00","MAASGOUW","18","ROERMOND",20380
"HEE02","HEESCH","1721","BHZ03","BERNHEZE","19","EINDHOVEN",20381
"HEE03","HEER","0935","MTT00","MAASTRICHT","18","ROERMOND",20382
"HEE04","HEEG","1900","FLN00","SUDWEST FRYSLAN","20","LEEUWARDEN",20383
"HEI00","HEI- EN BOEICOP","0707","ZDR00","ZEDERIK","15","ROTTERDAM",20384
"HGL01","HENGELO (O)","0164","HGL01","HENGELO (O)","23","ZWOLLE",20385
"HGL02","HENGELO (GLD)","1876","BHT00","BRONCKHORST","25","ARNHEM",20386
"HGL04","HOOGELOON","1728","BDL01","BLADEL","19","EINDHOVEN",20387
"HGS00","HAGESTEIN","0620","VAN00","VIANEN","15","ROTTERDAM",20388
"HGV00","HOOGEVEEN","0118","HGV00","HOOGEVEEN","21","ASSEN",20389
"HGZ00","HOOGEZAND","0018","HGZ00","HOOGEZAND-SAPPEMEER","22","GRONINGEN",20390
"HHG00","HEERHUGOWAARD","0398","HHG00","HEERHUGOWAARD","24","ALKMAAR",20391
"HHM00","HOUTHEM","0994","VKB01","VALKENBURG AAN DE GEUL","18","ROERMOND",20392
"HHS00","HEYTHUYSEN","1640","LDL00","LEUDAL","18","ROERMOND",20393
"HIE00","HIEN","1740","NDR00","NEDER-BETUWE","25","ARNHEM",20394
"HJD00","HEERJANSDAM","0642","ZDT01","ZWIJNDRECHT","15","ROTTERDAM",20395
"HKD00","HEKENDORP","0589","ODW00","OUDEWATER","17","UTRECHT",20396
"HKG00","HERKINGEN","1924","GRE01","GOEREE-OVERFLAKKEE","15","ROTTERDAM",20397
"HKK01","HEEMSKERK","0396","HKK01","HEEMSKERK","24","ALKMAAR",20398
"HKK02","HOOGKERK","0014","GNG00","GRONINGEN","22","GRONINGEN",20399
"HKL00","HEUKELUM","0733","LGW00","LINGEWAAL","25","ARNHEM",20400
"HLD01","HELLENDOORN","0163","HLD01","HELLENDOORN","23","ZWOLLE",20401
"HLD02","HOOGLAND","0307","AMF00","AMERSFOORT","17","UTRECHT",20402
"HLG01","HILLEGOM","0534","HLG01","HILLEGOM","16","ZOETERMEER",20403
"HLG02","HARLINGEN","0072","HLG02","HARLINGEN","20","LEEUWARDEN",20404
"HLG03","HILLEGERSBERG","0599","RTD01","ROTTERDAM","15","ROTTERDAM",20405
"HLM01","HAARLEM","0392","HLM01","HAARLEM","14","AMSTERDAM",20406
"HLM02","HAARLEM II","0392","HLM01","HAARLEM","14","AMSTERDAM",20407
"HLM03","HAARLEMMERMEER","0394","HLM03","HAARLEMMERMEER","14","AMSTERDAM",20408
"HLM04","HAARLEMMERLIEDE EN SPAARNWOUDE","0393","HLM04","HAARLEMMERLIEDE EN SPAARNWOUDE","14","AMSTERDAM",20409
"HLM05","HALLUM","1722","FWD02","FERWERDERADIEL","20","LEEUWARDEN",20410
"HLN01","HEERLEN","0917","HLN01","HEERLEN","18","ROERMOND",20411
"HLN02","HAELEN","1640","LDL00","LEUDAL","18","ROERMOND",20412
"HLO00","HEILOO","0399","HLO00","HEILOO","24","ALKMAAR",20413
"HLV01","HELLEVOETSLUIS","0530","HLV01","HELLEVOETSLUIS","15","ROTTERDAM",20414
"HLV02","NIEUW-HELVOET","0530","HLV01","HELLEVOETSLUIS","15","ROTTERDAM",20415
"HMD00","HELMOND","0794","HMD00","HELMOND","19","EINDHOVEN",20416
"HML01","HARMELEN","0632","WDN01","WOERDEN","17","UTRECHT",20417
"HML02","HUMMELO","1876","BHT00","BRONCKHORST","25","ARNHEM",20418
"HMN01","HEUMEN","0252","HMN01","HEUMEN","25","ARNHEM",20419
"HMN02","HELPMAN","0014","GNG00","GRONINGEN","22","GRONINGEN",20420
"HNO01","HEINO","0177","RTE00","RAALTE","23","ZWOLLE",20421
"HNO02","HEINENOORD","0585","BNM00","BINNENMAAS","15","ROTTERDAM",20422
"HNR00","HOORNAAR","0689","GSL00","GIESSENLANDEN","15","ROTTERDAM",20423
"HOE01","HOEK VAN HOLLAND","0599","RTD01","ROTTERDAM","15","ROTTERDAM",20424
"HOE02","HOEK","0715","TNZ00","TERNEUZEN","12","MIDDELBURG",20425
"HOO00","HOORN","0405","HOO00","HOORN","24","ALKMAAR",20426
"HOR01","HORST","1507","HOR03","HORST AAN DE MAAS","18","ROERMOND",20427
"HOR02","HORN","1640","LDL00","LEUDAL","18","ROERMOND",20428
"HRB00","'S-HEERENBERG","1955","MFL00","MONTFERLAND","25","ARNHEM",20429
"HRK00","HARENKARSPEL","0441","SGN00","SCHAGEN","24","ALKMAAR",20430
"HRN01","HAREN","0017","HRN01","HAREN","22","GRONINGEN",20431
"HRN02","HAAREN","0788","HRN02","HAAREN","19","EINDHOVEN",20432
"HRV01","HEERENVEEN","0074","HRV01","HEERENVEEN","20","LEEUWARDEN",20433
"HRV02","STAD AAN HET HARINGVLIET","1924","GRE01","GOEREE-OVERFLAKKEE","15","ROTTERDAM",20434
"HRW00","HEEREWAARDEN","0263","MDL01","MAASDRIEL","25","ARNHEM",20435
"HSD01","HEEMSTEDE","0397","HSD01","HEEMSTEDE","14","AMSTERDAM",20436
"HSL00","HUNSEL","1640","LDL00","LEUDAL","18","ROERMOND",20437
"HSN01","HUISSEN","1705","LGW01","LINGEWAARD","25","ARNHEM",20438
"HSN02","HORSSEN","0225","DTN03","DRUTEN","25","ARNHEM",20439
"HSR00","HALSTEREN","0748","BGN01","BERGEN OP ZOOM","13","BREDA",20440
"HST00","HASSELT","1896","ZTW02","ZWARTEWATERLAND","23","ZWOLLE",20441
"HTG00","'S-HERTOGENBOSCH","0796","HTG00","'S-HERTOGENBOSCH","19","EINDHOVEN",20442
"HTM00","HATTEM","0244","HTM00","HATTEM","25","ARNHEM",20443
"HTN01","HONTENISSE","0677","HUL00","HULST","12","MIDDELBURG",20444
"HTN02","HERTEN","0957","RMD00","ROERMOND","18","ROERMOND",20445
"HTN03","HOLTEN","1742","RSN02","RIJSSEN-HOLTEN","23","ZWOLLE",20446
"HTN04","HOUTEN","0321","HTN04","HOUTEN","17","UTRECHT",20447
"HTN05","HAAFTEN","0304","NRE00","NEERIJNEN","25","ARNHEM",20448
"HTR00","HETEREN","1734","OVB00","OVERBETUWE","25","ARNHEM",20449
"HTT01","HAASTRECHT","0623","VLI00","VLIST","15","ROTTERDAM",20450
"HTT02","HATERT","0268","NMG00","NIJMEGEN","25","ARNHEM",20451
"HUL00","HULST","0677","HUL00","HULST","12","MIDDELBURG",20452
"HUM00","HIJUM","0081","LWD01","LEEUWARDERADEEL","20","LEEUWARDEN",20453
"HVL00","HOEVELAKEN","0267","NKK01","NIJKERK","25","ARNHEM",20454
"HVN00","HOEVEN","1655","HDB01","HALDERBERGE","13","BREDA",20455
"HVR00","HILVARENBEEK","0798","HVR00","HILVARENBEEK","19","EINDHOVEN",20456
"HVS00","HILVERSUM","0402","HVS00","HILVERSUM","14","AMSTERDAM",20457
"HVT01","HOOGVLIET","0599","RTD01","ROTTERDAM","15","ROTTERDAM",20458
"HVT02","HELVOIRT","0788","HRN02","HAAREN","19","EINDHOVEN",20459
"HVT03","HAVELTE","1701","WTV01","WESTERVELD","21","ASSEN",20460
"HVT04","HEENVLIET","0568","BNS04","BERNISSE","15","ROTTERDAM",20461
"HWD00","HOLWERD","0058","DGR00","DONGERADEEL","20","LEEUWARDEN",20462
"HWK02","HEESWIJK-DINTHER","1721","BHZ03","BERNHEZE","19","EINDHOVEN",20463
"HWN01","HERWEN","0196","RWD00","RIJNWAARDEN","25","ARNHEM",20464
"HWN02","HERWIJNEN","0733","LGW00","LINGEWAAL","25","ARNHEM",20465
"HZE00","HEEZE","1658","HZE00","HEEZE-LEENDE","19","EINDHOVEN",20466
"HZM00","HUIZUM","0080","LWD00","LEEUWARDEN","20","LEEUWARDEN",20467
"HZN00","HUIZEN","0406","HZN00","HUIZEN","14","AMSTERDAM",20468
"HZW00","HAZERSWOUDE","1672","RWD03","RIJNWOUDE","16","ZOETERMEER",20469
"IGN00","INGEN","0214","BRN00","BUREN","25","ARNHEM",20470
"IJL00","IJLST","1900","FLN00","SUDWEST FRYSLAN","20","LEEUWARDEN",20471
"AAL01","AALST (N.B.)","0866","WRE02","WAALRE","19","EINDHOVEN",19926
"AAL02","AALST (GLD)","0297","ZBM00","ZALTBOMMEL","25","ARNHEM",19927
"AAR00","TER AAR","0569","NKP01","NIEUWKOOP","16","ZOETERMEER",19928
"ABB00","ABBENBROEK","0568","BNS04","BERNISSE","15","ROTTERDAM",19929
"ABG00","AALBURG","0738","ABG00","AALBURG","13","BREDA",19930
"ABS01","ALBLASSERDAM","0482","ABS01","ALBLASSERDAM","15","ROTTERDAM",19931
"ABS02","OUD-ALBLAS","1927","MLW00","MOLENWAARD","15","ROTTERDAM",19932
"ABY00","AMBY","0935","MTT00","MAASTRICHT","18","ROERMOND",19933
"ACD00","ABCOUDE","0736","RDE01","DE RONDE VENEN","17","UTRECHT",19934
"ACN00","ARCEN EN VELDEN","0983","VLO00","VENLO","18","ROERMOND",19935
"ADA00","ADUARD","0056","ZHN00","ZUIDHORN","22","GRONINGEN",19936
"ADB00","AARDENBURG","1714","SLU02","SLUIS","12","MIDDELBURG",19937
"ADK00","ANDIJK","0420","MDB02","MEDEMBLIK","24","ALKMAAR",19938
"ADP00","ADORP","0053","WSM04","WINSUM","22","GRONINGEN",19939
"AEL00","AXEL","0715","TNZ00","TERNEUZEN","12","MIDDELBURG",19940
"AER00","AERDT","0196","RWD00","RIJNWAARDEN","25","ARNHEM",19941
"AFD00","AFFERDEN","0225","DTN03","DRUTEN","25","ARNHEM",19942
"AGL00","ANGERLO","0299","ZVN01","ZEVENAAR","25","ARNHEM",19943
"AGR00","ANGEREN","1705","LGW01","LINGEWAARD","25","ARNHEM",19944
"AHM01","ARNHEM","0202","AHM00","ARNHEM","25","ARNHEM",19945
"AHM02","ARNHEM AA","0202","AHM00","ARNHEM","25","ARNHEM",19946
"AHM03","ARNHEM AC","0202","AHM00","ARNHEM","25","ARNHEM",19947
"AHM04","ARNHEM AE","0202","AHM00","ARNHEM","25","ARNHEM",19948
"AHM05","ARNHEM AF","0202","AHM00","ARNHEM","25","ARNHEM",19949
"AJM00","ANJUM","0058","DGR00","DONGERADEEL","20","LEEUWARDEN",19950
"AKL00","ARKEL","0689","GSL00","GIESSENLANDEN","15","ROTTERDAM",19951
"AKM01","ALKEMADE","1884","KAA00","KAAG EN BRAASSEM","16","ZOETERMEER",19952
"AKM02","AKKRUM","0055","BSH01","BOARNSTERHIM","20","LEEUWARDEN",19953
"AKS01","AKERSLOOT","0383","CTC00","CASTRICUM","24","ALKMAAR",19954
"AKV00","ANKEVEEN","1696","WDM02","WIJDEMEREN","14","AMSTERDAM",19955
"AKW00","AKKERWOUDE","1891","DTM01","DANTUMADIEL","20","LEEUWARDEN",19956
"ALD00","AARLANDERVEEN","0484","APN01","ALPHEN AAN DEN RIJN","16","ZOETERMEER",19957
"ALE00","AARLE-RIXTEL","1659","LBK03","LAARBEEK","19","EINDHOVEN",19958
"ALM00","ALEM","0828","OSS00","OSS","19","EINDHOVEN",19959
"ALO00","ANLOO","1680","AAH00","AA EN HUNZE","21","ASSEN",19960
"AMD00","AMEIDE","0707","ZDR00","ZEDERIK","15","ROTTERDAM",19961
"AMF00","AMERSFOORT","0307","AMF00","AMERSFOORT","17","UTRECHT",19962
"AML01","AMBT-ALMELO","0141","AML03","ALMELO","23","ZWOLLE",19963
"AML02","STAD-ALMELO","0141","AML03","ALMELO","23","ZWOLLE",19964
"AMN00","ALMEN","0262","LCM00","LOCHEM","25","ARNHEM",19965
"AMR01","ALKMAAR","0361","AMR01","ALKMAAR","24","ALKMAAR",19966
"AMR02","AMERONGEN","1581","UTS00","UTRECHTSE HEUVELRUG","17","UTRECHT",19967
"AMR03","AALSMEER","0358","AMR03","AALSMEER","14","AMSTERDAM",19968
"AMR04","ALMERE","0034","AMR04","ALMERE","26","LELYSTAD",19969
"AMS01","AMMERSTOL","0491","BAB00","BERGAMBACHT","15","ROTTERDAM",19970
"AMS02","GROOT-AMMERS","1927","MLW00","MOLENWAARD","15","ROTTERDAM",19971
"AMZ00","AMMERZODEN","0263","MDL01","MAASDRIEL","25","ARNHEM",19972
"ANA01","ANNA PAULOWNA","1911","HLS00","HOLLANDS KROON","24","ALKMAAR",19973
"ANA02","SINT ANNA PAROCHIE","0063","BIL02","HET BILDT","20","LEEUWARDEN",19974
"ANL00","SINT ANNALAND","0716","TLN00","THOLEN","12","MIDDELBURG",19975
"ANM00","ARNEMUIDEN","0687","MDB01","MIDDELBURG","12","MIDDELBURG",19976
"APD01","APELDOORN","0200","APD00","APELDOORN","25","ARNHEM",19977
"APD02","APELDOORN AC","0200","APD00","APELDOORN","25","ARNHEM",19978
"APD03","APELDOORN AD","0200","APD00","APELDOORN","25","ARNHEM",19979
"APD04","APELDOORN AF","0200","APD00","APELDOORN","25","ARNHEM",19980
"APG00","APPINGEDAM","0003","APG00","APPINGEDAM","22","GRONINGEN",19981
"APN01","ALPHEN AAN DEN RIJN","0484","APN01","ALPHEN AAN DEN RIJN","16","ZOETERMEER",19982
"APN02","ALPHEN","0668","MAA01","WEST MAAS EN WAAL","25","ARNHEM",19983
"APN03","ALPHEN EN RIEL","1723","APN03","ALPHEN-CHAAM","13","BREDA",19984
"APR00","ASPEREN","0733","LGW00","LINGEWAAL","25","ARNHEM",19985
"APT00","APPELTERN","0668","MAA01","WEST MAAS EN WAAL","25","ARNHEM",19986
"ARM00","ARUM","1900","FLN00","SUDWEST FRYSLAN","20","LEEUWARDEN",19987
"ASD01","ASSENDELFT","0479","ZSD00","ZAANSTAD","14","AMSTERDAM",19988
"ASD02","AMSTERDAM A","0363","ASD02","AMSTERDAM","14","AMSTERDAM",19989
"ASD03","AMSTERDAM E","0363","ASD02","AMSTERDAM","14","AMSTERDAM",19990
"ASD04","AMSTERDAM F","0363","ASD02","AMSTERDAM","14","AMSTERDAM",19991
"ASD05","AMSTERDAM G","0363","ASD02","AMSTERDAM","14","AMSTERDAM",19992
"ASD06","AMSTERDAM I","0363","ASD02","AMSTERDAM","14","AMSTERDAM",19993
"ASD07","AMSTERDAM K","0363","ASD02","AMSTERDAM","14","AMSTERDAM",19994
"ASD08","AMSTERDAM L","0363","ASD02","AMSTERDAM","14","AMSTERDAM",19995
"ASD09","AMSTERDAM M","0363","ASD02","AMSTERDAM","14","AMSTERDAM",19996
"ASD10","AMSTERDAM N","0363","ASD02","AMSTERDAM","14","AMSTERDAM",19997
"ASD11","AMSTERDAM O","0363","ASD02","AMSTERDAM","14","AMSTERDAM",19998
"ASD12","AMSTERDAM P","0363","ASD02","AMSTERDAM","14","AMSTERDAM",19999
"ASD13","AMSTERDAM Q","0363","ASD02","AMSTERDAM","14","AMSTERDAM",20000
"ASD14","AMSTERDAM R","0363","ASD02","AMSTERDAM","14","AMSTERDAM",20001
"ASD15","AMSTERDAM S","0363","ASD02","AMSTERDAM","14","AMSTERDAM",20002
"ASD16","AMSTERDAM T","0363","ASD02","AMSTERDAM","14","AMSTERDAM",20003
"ASD17","AMSTERDAM U","0363","ASD02","AMSTERDAM","14","AMSTERDAM",20004
"ASD18","AMSTERDAM V","0363","ASD02","AMSTERDAM","14","AMSTERDAM",20005
"ASD19","AMSTERDAM W","0363","ASD02","AMSTERDAM","14","AMSTERDAM",20006
"ASD20","AMSTERDAM X","0363","ASD02","AMSTERDAM","14","AMSTERDAM",20007
"ASD21","AMSTERDAM Y","0363","ASD02","AMSTERDAM","14","AMSTERDAM",20008
"ASD22","AMSTERDAM Z","0363","ASD02","AMSTERDAM","14","AMSTERDAM",20009
"ASD23","AMSTERDAM AB","0363","ASD02","AMSTERDAM","14","AMSTERDAM",20010
"ASD24","AMSTERDAM AC","0363","ASD02","AMSTERDAM","14","AMSTERDAM",20011
"ASD25","AMSTERDAM AD","0363","ASD02","AMSTERDAM","14","AMSTERDAM",20012
"ASD26","AMSTERDAM AF","0363","ASD02","AMSTERDAM","14","AMSTERDAM",20013
"ASD27","AMSTERDAM AG","0363","ASD02","AMSTERDAM","14","AMSTERDAM",20014
"ASD28","AMSTERDAM AH","0363","ASD02","AMSTERDAM","14","AMSTERDAM",20015
"ASD29","AMSTERDAM AI","0363","ASD02","AMSTERDAM","14","AMSTERDAM",20016
"ASD30","AMSTERDAM AK","0363","ASD02","AMSTERDAM","14","AMSTERDAM",20017
"ASD31","AMSTERDAM AL","0363","ASD02","AMSTERDAM","14","AMSTERDAM",20018
"ASD32","AMSTERDAM AM","0363","ASD02","AMSTERDAM","14","AMSTERDAM",20019
"ASD33","AMSTERDAM AN","0363","ASD02","AMSTERDAM","14","AMSTERDAM",20020
"ASD34","AMSTERDAM AO","0363","ASD02","AMSTERDAM","14","AMSTERDAM",20021
"ASD35","AMSTERDAM AP","0363","ASD02","AMSTERDAM","14","AMSTERDAM",20022
"ASD36","AMSTERDAM AQ","0363","ASD02","AMSTERDAM","14","AMSTERDAM",20023
"ASD37","AMSTERDAM AR","0363","ASD02","AMSTERDAM","14","AMSTERDAM",20024
"ASD40","ABSTEDE","0344","UTT00","UTRECHT","17","UTRECHT",20025
"ASD41","AMSTERDAM AU","0363","ASD02","AMSTERDAM","14","AMSTERDAM",20026
"ASD42","AMSTERDAM AV","0363","ASD02","AMSTERDAM","14","AMSTERDAM",20027
"ASD43","AMSTERDAM AW","0363","ASD02","AMSTERDAM","14","AMSTERDAM",20028
"ASL00","OUDER-AMSTEL","0437","ASL00","OUDER-AMSTEL","14","AMSTERDAM",20029
"ASN00","ASSEN","0106","ASN00","ASSEN","21","ASSEN",20030
"ASR00","AMSTENRADE","0962","SNN00","SCHINNEN","18","ROERMOND",20031
"ASV00","AMSTELVEEN","0362","ASV00","AMSTELVEEN","14","AMSTERDAM",20032
"ATN01","ASTEN","0743","ATN01","ASTEN","19","EINDHOVEN",20033
"ATN02","AALTEN","0197","ATN02","AALTEN","25","ARNHEM",20034
"AVE00","AVEREEST","0160","HDB00","HARDENBERG","23","ZWOLLE",20035
"BAA01","BAARN","0308","BAA01","BAARN","17","UTRECHT",20036
"BAA02","BAARD","0140","LTS00","LITTENSERADIEL","20","LEEUWARDEN",20037
"BAB00","BERGAMBACHT","0491","BAB00","BERGAMBACHT","15","ROTTERDAM",20038
"BAH00","BAHR EN LATHUM","0299","ZVN01","ZEVENAAR","25","ARNHEM",20039
"BAL00","BALK","0653","GTL01","GAASTERLAN-SLEAT","20","LEEUWARDEN",20040
"BBG01","BEEKBERGEN","0200","APD00","APELDOORN","25","ARNHEM",20041
"BBG02","BAAMBRUGGE","0736","RDE01","DE RONDE VENEN","17","UTRECHT",20042
"BBG03","BOORNBERGUM","0090","SLE01","SMALLINGERLAND","20","LEEUWARDEN",20043
"BCL00","BORCULO","1859","BKL10","BERKELLAND","25","ARNHEM",20044
"BCZ00","BOCHOLTZ","0965","SPV00","SIMPELVELD","18","ROERMOND",20045
"MDL01","MAASDRIEL","0263","MDL01","MAASDRIEL","25","ARNHEM",20592
"MDL02","MIDDELIE","0478","ZVG00","ZEEVANG","24","ALKMAAR",20593
"MDM01","MAASDAM","0585","BNM00","BINNENMAAS","15","ROTTERDAM",20594
"MDM02","MILDAM","0074","HRV01","HEERENVEEN","20","LEEUWARDEN",20595
"MDN01","MUIDEN","0424","MDN01","MUIDEN","14","AMSTERDAM",20596
"MDN02","MEEDEN","1987","MTW00","MENTERWOLDE","22","GRONINGEN",20597
"MDS01","MIDDENSCHOUWEN","1676","SWN00","SCHOUWEN-DUIVELAND","12","MIDDELBURG",20598
"MDS02","MIDDELSTUM","0024","LPS00","LOPPERSUM","22","GRONINGEN",20599
"MDT01","MIJDRECHT","0736","RDE01","DE RONDE VENEN","17","UTRECHT",20600
"MDT02","MOORDRECHT","1892","ZPS00","ZUIDPLAS","15","ROTTERDAM",20601
"MEL00","MEIJEL","1894","PEE00","PEEL EN MAAS","18","ROERMOND",20602
"MES00","MESCH","1903","EDN01","EIJSDEN-MARGRATEN","18","ROERMOND",20603
"MFT01","MONTFOORT","0335","MFT01","MONTFOORT","17","UTRECHT",20604
"MFT02","MONTFORT","1669","RDL01","ROERDALEN","18","ROERMOND",20605
"MGN01","MINNERTSGA","0063","BIL02","HET BILDT","20","LEEUWARDEN",20606
"MGN02","MEGEN","0828","OSS00","OSS","19","EINDHOVEN",20607
"MGT01","MOERGESTEL","0824","OTW01","OISTERWIJK","13","BREDA",20608
"MGT02","MARGRATEN","1903","EDN01","EIJSDEN-MARGRATEN","18","ROERMOND",20609
"MHE00","MHEER","1903","EDN01","EIJSDEN-MARGRATEN","18","ROERMOND",20610
"MHR00","MIJNSHEERENLAND","0585","BNM00","BINNENMAAS","15","ROTTERDAM",20611
"MHZ00","MAARHEEZE","1706","CND00","CRANENDONCK","19","EINDHOVEN",20612
"MIL00","MILL","0815","MIL00","MILL EN SINT HUBERT","19","EINDHOVEN",20613
"MKB00","MERKELBEEK","0881","ODB00","ONDERBANKEN","18","ROERMOND",20614
"MKG00","MAKKINGA","0085","OTL02","OOSTSTELLINGWERF","20","LEEUWARDEN",20615
"MKK00","MEERKERK","0707","ZDR00","ZEDERIK","15","ROTTERDAM",20616
"MKL00","MARKELO","1735","HOF00","HOF VAN TWENTE","23","ZWOLLE",20617
"MKM00","MAKKUM","1900","FLN00","SUDWEST FRYSLAN","20","LEEUWARDEN",20618
"MKN00","MARKEN","0852","WTL00","WATERLAND","24","ALKMAAR",20619
"MKP00","MOERKAPELLE","1892","ZPS00","ZUIDPLAS","15","ROTTERDAM",20620
"MLD00","MAASLAND","1842","MDN04","MIDDEN-DELFLAND","15","ROTTERDAM",20621
"MLG00","MILLINGEN","0265","MLG00","MILLINGEN AAN DE RIJN","25","ARNHEM",20622
"MLK00","MELICK EN HERKENBOSCH","1669","RDL01","ROERDALEN","18","ROERMOND",20623
"MLN00","MOLENAARSGRAAF","1927","MLW00","MOLENWAARD","15","ROTTERDAM",20624
"MLO01","MIERLO","1771","GDP01","GELDROP-MIERLO","19","EINDHOVEN",20625
"MLO02","MEERLO","1507","HOR03","HORST AAN DE MAAS","18","ROERMOND",20626
"MLS00","MELISSANT","1924","GRE01","GOEREE-OVERFLAKKEE","15","ROTTERDAM",20627
"MNK00","MONNICKENDAM","0852","WTL00","WATERLAND","24","ALKMAAR",20628
"MNL00","MAASNIEL","0957","RMD00","ROERMOND","18","ROERMOND",20629
"MOO00","MOOK EN MIDDELAAR","0944","MOO00","MOOK EN MIDDELAAR","18","ROERMOND",20630
"MPL00","MEPPEL","0119","MPL00","MEPPEL","21","ASSEN",20631
"MRK01","MAURIK","0214","BRN00","BUREN","25","ARNHEM",20632
"MRK02","MARIEKERKE","0717","VRE00","VEERE","12","MIDDELBURG",20633
"MRM01","MARUM","0025","MRM01","MARUM","22","GRONINGEN",20634
"MRM02","MARRUM","1722","FWD02","FERWERDERADIEL","20","LEEUWARDEN",20635
"MSG00","MUNSTERGELEEN","1883","STD01","SITTARD-GELEEN","18","ROERMOND",20636
"MSN01","MEERSSEN","0938","MSN01","MEERSSEN","18","ROERMOND",20637
"MSN02","MAARSSEN","1904","SSE00","STICHTSE VECHT","17","UTRECHT",20638
"MSR00","MONSTER","1783","WLD00","WESTLAND","16","ZOETERMEER",20639
"MSS00","MAASSLUIS","0556","MSS00","MAASSLUIS","15","ROTTERDAM",20640
"MSV00","MAARSSEVEEN","1904","SSE00","STICHTSE VECHT","17","UTRECHT",20641
"MTD01","MUNTENDAM","1987","MTW00","MENTERWOLDE","22","GRONINGEN",20642
"MTD02","MAARTENSDIJK","0310","BIL01","DE BILT","17","UTRECHT",20643
"MTD03","SINT MAARTENSDIJK","0716","TLN00","THOLEN","12","MIDDELBURG",20644
"MTN00","SINT MAARTEN","0441","SGN00","SCHAGEN","24","ALKMAAR",20645
"MTT00","MAASTRICHT","0935","MTT00","MAASTRICHT","18","ROERMOND",20646
"MWD01","MIDWOLDA","1895","OAT00","OLDAMBT","22","GRONINGEN",20647
"NBH00","NEERBOSCH","0268","NMG00","NIJMEGEN","25","ARNHEM",20648
"NBK01","NOORDBROEK","1987","MTW00","MENTERWOLDE","22","GRONINGEN",20649
"NBK02","NIJBROEK","0285","VOO00","VOORST","25","ARNHEM",20650
"NBK03","NOORBEEK","1903","EDN01","EIJSDEN-MARGRATEN","18","ROERMOND",20651
"NDA00","NEDERASSELT","0252","HMN01","HEUMEN","25","ARNHEM",20652
"NDE00","NEEDE","1859","BKL10","BERKELLAND","25","ARNHEM",20653
"NDH01","NEDERHORST DEN BERG","1696","WDM02","WIJDEMEREN","14","AMSTERDAM",20654
"NDH02","NEDERHEMERT","0297","ZBM00","ZALTBOMMEL","25","ARNHEM",20655
"NDK00","NOORDDIJK","0014","GNG00","GRONINGEN","22","GRONINGEN",20656
"NDL00","NOORDELOOS","0689","GSL00","GIESSENLANDEN","15","ROTTERDAM",20657
"NDN00","NAARDEN","0425","NDN00","NAARDEN","14","AMSTERDAM",20658
"NDP01","NOOTDORP","1926","PAK01","PIJNACKER-NOOTDORP","16","ZOETERMEER",20659
"NDP02","NIEDORP","1911","HLS00","HOLLANDS KROON","24","ALKMAAR",20660
"NDW00","NEDERWEERT","0946","NDW00","NEDERWEERT","18","ROERMOND",20661
"NEE00","NEER","1640","LDL00","LEUDAL","18","ROERMOND",20662
"NEK00","NIJEHASKE","0051","STL00","SKARSTERLAN","20","LEEUWARDEN",20663
"NES01","NES (A)","0060","AML04","AMELAND","20","LEEUWARDEN",20664
"NES02","NES","0058","DGR00","DONGERADEEL","20","LEEUWARDEN",20665
"NEV00","NIJEVEEN","0119","MPL00","MEPPEL","21","ASSEN",20666
"NHM00","NUNHEM","1640","LDL00","LEUDAL","18","ROERMOND",20667
"NIT00","NEERITTER","1640","LDL00","LEUDAL","18","ROERMOND",20668
"NKK01","NIJKERK (GLD)","0267","NKK01","NIJKERK","25","ARNHEM",20669
"NKK02","NIJKERK (FR)","0058","DGR00","DONGERADEEL","20","LEEUWARDEN",20670
"NKP01","NIEUWKOOP","0569","NKP01","NIEUWKOOP","16","ZOETERMEER",20671
"NLD01","NIEUWLAND (FR)","1900","FLN00","SUDWEST FRYSLAN","20","LEEUWARDEN",20672
"NLD02","NIEUWLAND (Z.H.)","0707","ZDR00","ZEDERIK","15","ROTTERDAM",20673
"NLD03","NULAND","1671","MKD00","MAASDONK","19","EINDHOVEN",20674
"NLS00","NIEUWLEUSEN","0148","DSN01","DALFSEN","23","ZWOLLE",20675
"NMD00","NUMANSDORP","0611","CSE00","CROMSTRIJEN","15","ROTTERDAM",20676
"NMG00","NIJMEGEN","0268","NMG00","NIJMEGEN","25","ARNHEM",20677
"NNN00","NUENEN","0820","NNN00","NUENEN, GERWEN EN NEDERWETTEN","19","EINDHOVEN",20678
"NOP00","NOORDOOSTPOLDER","0171","NOP00","NOORDOOSTPOLDER","26","LELYSTAD",20679
"NOR00","NORG","1699","NDV00","NOORDENVELD","21","ASSEN",20680
"NPT00","NIEUWPOORT","1927","MLW00","MOLENWAARD","15","ROTTERDAM",20681
"NST01","NUNSPEET","0302","NST01","NUNSPEET","25","ARNHEM",20682
"NST02","NIEUWSTADT","1711","ECH01","ECHT-SUSTEREN","18","ROERMOND",20683
"NTK00","NIFTRIK","0296","WCN00","WIJCHEN","25","ARNHEM",20684
"NTR00","NISTELRODE","1721","BHZ03","BERNHEZE","19","EINDHOVEN",20685
"NTV00","NIGTEVECHT","1904","SSE00","STICHTSE VECHT","17","UTRECHT",20686
"NUT00","NUTH","0951","NUT00","NUTH","18","ROERMOND",20687
"NVN00","NIEUWVEEN","0569","NKP01","NIEUWKOOP","16","ZOETERMEER",20688
"NWD01","NIEUWENDAM","0363","ASD02","AMSTERDAM","14","AMSTERDAM",20689
"NWD02","NOORDWOLDE","0098","WSL03","WESTSTELLINGWERF","20","LEEUWARDEN",20690
"NWD03","NIEUWOLDA","1895","OAT00","OLDAMBT","22","GRONINGEN",20691
"NWH01","NIEUWENHAGEN","0882","LGF00","LANDGRAAF","18","ROERMOND",20692
"NWH02","NIEUWENHOORN","0530","HLV01","HELLEVOETSLUIS","15","ROTTERDAM",20693
"NWK01","NAALDWIJK","1783","WLD00","WESTLAND","16","ZOETERMEER",20694
"NWK02","NOORDWIJK","0575","NWK02","NOORDWIJK","16","ZOETERMEER",20695
"NWK03","NIEUWERKERK AAN DEN IJSSEL","1892","ZPS00","ZUIDPLAS","15","ROTTERDAM",20696
"NWK04","NOORDWIJKERHOUT","0576","NWK04","NOORDWIJKERHOUT","16","ZOETERMEER",20697
"NWK12","NETWERKEN MIDDELBURG","0001","NWK12","NETWERKEN MIDDELBURG","12","MIDDELBURG",20698
"NWK13","NETWERKEN BREDA","0001","NWK13","NETWERKEN BREDA","13","BREDA",20699
"NWK14","NETWERKEN AMSTERDAM","0001","NWK14","NETWERKEN AMSTERDAM","14","AMSTERDAM",20700
"NWK15","NETWERKEN ROTTERDAM","0001","NWK15","NETWERKEN ROTTERDAM","15","ROTTERDAM",20701
"NWK16","NETWERKEN ZOETERMEER","0001","NWK16","NETWERKEN ZOETERMEER","16","ZOETERMEER",20702
"NWK17","NETWERKEN UTRECHT","0001","NWK17","NETWERKEN UTRECHT","17","UTRECHT",20703
"NWK18","NETWERKEN ROERMOND","0001","NWK18","NETWERKEN ROERMOND","18","ROERMOND",20704
"NWK19","NETWERKEN EINDHOVEN","0001","NWK19","NETWERKEN EINDHOVEN","19","EINDHOVEN",20705
"NWK20","NETWERKEN LEEUWARDEN","0001","NWK20","NETWERKEN LEEUWARDEN","20","LEEUWARDEN",20706
"NWK21","NETWERKEN ASSEN","0001","NWK21","NETWERKEN ASSEN","21","ASSEN",20707
"NWK22","NETWERKEN GRONINGEN","0001","NWK22","NETWERKEN GRONINGEN","22","GRONINGEN",20708
"NWK23","NETWERKEN ZWOLLE","0001","NWK23","NETWERKEN ZWOLLE","23","ZWOLLE",20709
"NWK24","NETWERKEN ALKMAAR","0001","NWK24","NETWERKEN ALKMAAR","24","ALKMAAR",20710
"NWK25","NETWERKEN ARNHEM","0001","NWK25","NETWERKEN ARNHEM","25","ARNHEM",20711
"NWK26","NETWERKEN LELYSTAD","0001","NWK26","NETWERKEN LELYSTAD","26","LELYSTAD",20712
"NWS00","NIEUWESCHANS","1895","OAT00","OLDAMBT","22","GRONINGEN",20713
"NZE01","NOORDZEE I","0000","NZE01","NOORDZEE I","22","GRONINGEN",20714
"NZE02","NOORDZEE II","0000","NZE02","NOORDZEE II","20","LEEUWARDEN",20715
"NZE03","NOORDZEE III","0000","NZE03","NOORDZEE III","24","ALKMAAR",20716
"NZE04","NOORDZEE IV","0000","NZE04","NOORDZEE IV","14","AMSTERDAM",20717
"NZE05","NOORDZEE V","0000","NZE05","NOORDZEE V","16","ZOETERMEER",20718
"NZE06","NOORDZEE VI","0000","NZE06","NOORDZEE VI","15","ROTTERDAM",20719
"NZE07","NOORDZEE VII","0000","NZE07","NOORDZEE VII","12","MIDDELBURG",20720
"OBG00","OOSTBURG","1714","SLU02","SLUIS","12","MIDDELBURG",20721
"OBK00","OIRSBEEK","0962","SNN00","SCHINNEN","18","ROERMOND",20722
"OBT00","OBBICHT EN PAPENHOVEN","1883","STD01","SITTARD-GELEEN","18","ROERMOND",20723
"ODB01","OLDEBROEK","0269","ODB01","OLDEBROEK","25","ARNHEM",20724
"ODB02","OUDENBOSCH","1655","HDB01","HALDERBERGE","13","BREDA",20725
"ODB03","OLDEBERKOOP","0085","OTL02","OOSTSTELLINGWERF","20","LEEUWARDEN",20726
"ODB04","OLDEBOORN","0055","BSH01","BOARNSTERHIM","20","LEEUWARDEN",20727
"ODG00","OUDEGA","0090","SLE01","SMALLINGERLAND","20","LEEUWARDEN",20728
"ODH01","OUDENHOORN","0568","BNS04","BERNISSE","15","ROTTERDAM",20729
"ODH02","OLDEHOVE","0056","ZHN00","ZUIDHORN","22","GRONINGEN",20730
"ODK01","OLDEKERK","0015","GTG00","GROOTEGAST","22","GRONINGEN",20731
"ODK02","ODIJK","0312","BNK02","BUNNIK","17","UTRECHT",20732
"ODK04","OUDERKERK AAN DEN IJSSEL","0644","ODK03","OUDERKERK","15","ROTTERDAM",20733
"ODL00","SINT ODILIENBERG","1669","RDL01","ROERDALEN","18","ROERMOND",20734
"ODM01","OBDAM","1598","KGL03","KOGGENLAND","24","ALKMAAR",20735
"ODM02","OLDEMARKT","1708","SWK02","STEENWIJKERLAND","23","ZWOLLE",20736
"ODN00","ODOORN","1681","BGR01","BORGER-ODOORN","21","ASSEN",20737
"ODP01","OUDDORP","1924","GRE01","GOEREE-OVERFLAKKEE","15","ROTTERDAM",20738
"ODP02","OUDORP","0361","AMR01","ALKMAAR","24","ALKMAAR",20739
"ODR01","SINT OEDENRODE","0846","ODR01","SINT-OEDENRODE","19","EINDHOVEN",20740
"ODR02","OUDENRIJN","0344","UTT00","UTRECHT","17","UTRECHT",20741
"ODT00","OUDETRIJNE","0098","WSL03","WESTSTELLINGWERF","20","LEEUWARDEN",20742
"ODW00","OUDEWATER","0589","ODW00","OUDEWATER","17","UTRECHT",20743
"ODZ00","OLDENZAAL","0173","ODZ00","OLDENZAAL","23","ZWOLLE",20744
"OEN00","OIJEN","0828","OSS00","OSS","19","EINDHOVEN",20745
"OFK00","OOSTFLAKKEE","1924","GRE01","GOEREE-OVERFLAKKEE","15","ROTTERDAM",20746
"OGP00","OOLTGENSPLAAT","1924","GRE01","GOEREE-OVERFLAKKEE","15","ROTTERDAM",20747
"OGT00","OEGSTGEEST","0579","OGT00","OEGSTGEEST","16","ZOETERMEER",20748
"OHD00","OPHEUSDEN","1740","NDR00","NEDER-BETUWE","25","ARNHEM",20749
"OHE00","OHE EN LAAK","1641","MGW00","MAASGOUW","18","ROERMOND",20750
"OHM00","OPHEMERT","0304","NRE00","NEERIJNEN","25","ARNHEM",20751
"OHN00","OUDSHOORN","0484","APN01","ALPHEN AAN DEN RIJN","16","ZOETERMEER",20752
"OHZ00","OOSTHUIZEN","0478","ZVG00","ZEEVANG","24","ALKMAAR",20753
"OLO00","OPLOO","1702","ATN03","SINT ANTHONIS","19","EINDHOVEN",20754
"OLS00","OLST","1773","OLS01","OLST-WIJHE","23","ZWOLLE",20755
"OMN01","AMBT-OMMEN","0175","OMN00","OMMEN","23","ZWOLLE",20756
"OMN02","STAD-OMMEN","0175","OMN00","OMMEN","23","ZWOLLE",20757
"OMR01","OPMEER","0432","OMR01","OPMEER","24","ALKMAAR",20758
"OMR02","OMMEREN","0214","BRN00","BUREN","25","ARNHEM",20759
"OMS00","OOTMARSUM","1774","DKL00","DINKELLAND","23","ZWOLLE",20760
"OOI00","OOIJ","0282","UBG00","UBBERGEN","25","ARNHEM",20761
"OPH00","OPPENHUIZEN","1900","FLN00","SUDWEST FRYSLAN","20","LEEUWARDEN",20762
"OSD00","OSSENDRECHT","0873","WDT00","WOENSDRECHT","13","BREDA",20763
"OSS00","OSS","0828","OSS00","OSS","19","EINDHOVEN",20764
"OST00","OIRSCHOT","0823","OST00","OIRSCHOT","19","EINDHOVEN",20765
"OTB00","OOSTERBEEK","0274","RKM00","RENKUM","25","ARNHEM",20766
"OTE00","OOSTEREND","0140","LTS00","LITTENSERADIEL","20","LEEUWARDEN",20767
"OTH01","OOSTERHOUT","0826","OTH01","OOSTERHOUT","13","BREDA",20768
"OTH02","OOSTERHESSELEN","0109","CVD00","COEVORDEN","21","ASSEN",20769
"OTL01","OTTOLAND","1927","MLW00","MOLENWAARD","15","ROTTERDAM",20770
"OTL02","OTTERLO","0228","EDE01","EDE","25","ARNHEM",20771
"OTM00","OOSTERMEER","0737","TJS00","TYTSJERKSTERADIEL","20","LEEUWARDEN",20772
"OTN00","OCHTEN","1740","NDR00","NEDER-BETUWE","25","ARNHEM",20773
"OTS00","OTTERSUM","0907","GNP00","GENNEP","18","ROERMOND",20774
"OTW01","OISTERWIJK","0824","OTW01","OISTERWIJK","13","BREDA",20775
"OTW02","OOSTERWOLDE","0085","OTL02","OOSTSTELLINGWERF","20","LEEUWARDEN",20776
"OTW03","OOSTERWIERUM","0140","LTS00","LITTENSERADIEL","20","LEEUWARDEN",20777
"OTZ00","OOSTERZEE","0082","LSL00","LEMSTERLAND","20","LEEUWARDEN",20778
"OVA00","OVERASSELT","0252","HMN01","HEUMEN","25","ARNHEM",20779
"OVN00","OOSTVOORNE","0614","WVN00","WESTVOORNE","15","ROTTERDAM",20780
"OVS00","OVERSCHIE","0599","RTD01","ROTTERDAM","15","ROTTERDAM",20781
"OWD00","ONSTWEDDE","0037","SKN01","STADSKANAAL","22","GRONINGEN",20782
"OZN00","OOSTZAAN","0431","OZN00","OOSTZAAN","14","AMSTERDAM",20783
"PAK00","PIJNACKER","1926","PAK01","PIJNACKER-NOOTDORP","16","ZOETERMEER",20784
"PBK00","POLSBROEK","0331","LPK00","LOPIK","17","UTRECHT",20785
"PCH00","PRINCENHAGE","0758","BDA00","BREDA","13","BREDA",20786
"PCS00","SINT PANCRAS","0416","LGD00","LANGEDIJK","24","ALKMAAR",20787
"PDR00","POEDEROIJEN","0297","ZBM00","ZALTBOMMEL","25","ARNHEM",20788
"PHL00","PIERSHIL","0588","KRD01","KORENDIJK","15","ROTTERDAM",20789
"PKL01","NIEUWE PEKELA","0765","PKL03","PEKELA","22","GRONINGEN",20790
"PKL02","OUDE PEKELA","0765","PKL03","PEKELA","22","GRONINGEN",20791
"PLL00","SINT PHILIPSLAND","0716","TLN00","THOLEN","12","MIDDELBURG",20792
"PLP00","PHILIPPINE","0715","TNZ00","TERNEUZEN","12","MIDDELBURG",20793
"PMR00","PURMEREND","0439","PMR00","PURMEREND","24","ALKMAAR",20794
"PND00","PANNERDEN","0196","RWD00","RIJNWAARDEN","25","ARNHEM",20795
"PNS00","PERNIS","0599","RTD01","ROTTERDAM","15","ROTTERDAM",20796
"PPD00","PAPENDRECHT","0590","PPD00","PAPENDRECHT","15","ROTTERDAM",20797
"PPK00","PAPEKOP","0589","ODW00","OUDEWATER","17","UTRECHT",20798
"TGL00","TEGELEN","0983","VLO00","VENLO","18","ROERMOND",20940
"TGR00","TONGELRE","0772","EHV00","EINDHOVEN","19","EINDHOVEN",20941
"THD00","TERHEIJDEN","1719","DML00","DRIMMELEN","13","BREDA",20942
"THN00","TERHORNE","0055","BSH01","BOARNSTERHIM","20","LEEUWARDEN",20943
"THO00","THORN","1641","MGW00","MAASGOUW","18","ROERMOND",20944
"THV00","TIENHOVEN","0707","ZDR00","ZEDERIK","15","ROTTERDAM",20945
"TIE00","TIEL","0281","TIE00","TIEL","25","ARNHEM",20946
"TJU00","TJUM","0070","FNK02","FRANEKERADEEL","20","LEEUWARDEN",20947
"TLB00","TJALLEBERD","0074","HRV01","HEERENVEEN","20","LEEUWARDEN",20948
"TLN00","THOLEN","0716","TLN00","THOLEN","12","MIDDELBURG",20949
"TLO00","TWELLO","0285","VOO00","VOORST","25","ARNHEM",20950
"TMT00","TERMUNTEN","0010","DZL01","DELFZIJL","22","GRONINGEN",20951
"TMU00","TZUMMARUM","0070","FNK02","FRANEKERADEEL","20","LEEUWARDEN",20952
"TND00","TERNAARD","0058","DGR00","DONGERADEEL","20","LEEUWARDEN",20953
"TNZ00","TERNEUZEN","0715","TNZ00","TERNEUZEN","12","MIDDELBURG",20954
"TSG00","TOLSTEEG","0344","UTT00","UTRECHT","17","UTRECHT",20955
"TSL00","TERSCHELLING","0093","TSL00","TERSCHELLING","20","LEEUWARDEN",20956
"TTR00","TETERINGEN","0758","BDA00","BREDA","13","BREDA",20957
"TWD00","TJERKWERD","1900","FLN00","SUDWEST FRYSLAN","20","LEEUWARDEN",20958
"UBG00","UBBERGEN","0282","UBG00","UBBERGEN","25","ARNHEM",20959
"UBH00","UBACH OVER WORMS","0882","LGF00","LANDGRAAF","18","ROERMOND",20960
"UDH00","UDENHOUT","0855","TBG01","TILBURG","13","BREDA",20961
"UDN00","UDEN","0856","UDN00","UDEN","19","EINDHOVEN",20962
"UGT00","UITGEEST","0450","UGT00","UITGEEST","24","ALKMAAR",20963
"UHN00","UITHOORN","0451","UHN00","UITHOORN","14","AMSTERDAM",20964
"UHZ01","UITHUIZEN","1651","EMD03","EEMSMOND","22","GRONINGEN",20965
"UHZ02","UITHUIZERMEEDEN","1651","EMD03","EEMSMOND","22","GRONINGEN",20966
"ULS00","ULESTRATEN","0938","MSN01","MEERSSEN","18","ROERMOND",20967
"UMD00","URMOND","0971","STE00","STEIN","18","ROERMOND",20968
"UQT00","USQUERT","1651","EMD03","EEMSMOND","22","GRONINGEN",20969
"URK00","URK","0184","URK00","URK","26","LELYSTAD",20970
"URM00","ULRUM","1663","MNE00","DE MARNE","22","GRONINGEN",20971
"URT00","URETERP","0086","OSL00","OPSTERLAND","20","LEEUWARDEN",20972
"UTT00","UTRECHT","0344","UTT00","UTRECHT","17","UTRECHT",20973
"VAA00","VAALS","0981","VAA00","VAALS","18","ROERMOND",20974
"VAN00","VIANEN","0620","VAN00","VIANEN","15","ROTTERDAM",20975
"VBG01","VOORBURG","1916","LSD01","LEIDSCHENDAM-VOORBURG","16","ZOETERMEER",20976
"VBG02","VALBURG","1734","OVB00","OVERBETUWE","25","ARNHEM",20977
"VDG00","VLAARDINGEN","0622","VDG00","VLAARDINGEN","15","ROTTERDAM",20978
"VDM00","VEENDAM","0047","VDM00","VEENDAM","22","GRONINGEN",20979
"VDN02","VORDEN","1876","BHT00","BRONCKHORST","25","ARNHEM",20980
"VDP00","VLODROP","1669","RDL01","ROERDALEN","18","ROERMOND",20981
"VDR00","VLEDDER","1701","WTV01","WESTERVELD","21","ASSEN",20982
"VEL01","VELP (GLD)","0275","RDN02","RHEDEN","25","ARNHEM",20983
"VEU00","VEUR","1916","LSD01","LEIDSCHENDAM-VOORBURG","16","ZOETERMEER",20984
"VHL00","VEGHEL","0860","VHL00","VEGHEL","19","EINDHOVEN",20985
"VHT00","VOORHOUT","1525","TLG00","TEYLINGEN","16","ZOETERMEER",20986
"VHV01","VELDHOVEN","0861","VHV01","VELDHOVEN","19","EINDHOVEN",20987
"VHV03","OUD-VROENHOVEN","0935","MTT00","MAASTRICHT","18","ROERMOND",20988
"VHZ01","VELDHUIZEN","0344","UTT00","UTRECHT","17","UTRECHT",20989
"VHZ02","VOORTHUIZEN","0203","BNV00","BARNEVELD","25","ARNHEM",20990
"VHZ03","VENHUIZEN","0498","DTL00","DRECHTERLAND","24","ALKMAAR",20991
"VKB01","VALKENBURG (L)","0994","VKB01","VALKENBURG AAN DE GEUL","18","ROERMOND",20992
"VKB02","VALKENBURG (Z.H.)","0537","KWK01","KATWIJK","16","ZOETERMEER",20993
"VKB03","OUD-VALKENBURG","0994","VKB01","VALKENBURG AAN DE GEUL","18","ROERMOND",20994
"VKN00","VALKENISSE","0717","VRE00","VEERE","12","MIDDELBURG",20995
"VKV00","VINKEVEEN","0736","RDE01","DE RONDE VENEN","17","UTRECHT",20996
"VKW00","VALKENSWAARD","0858","VKW00","VALKENSWAARD","19","EINDHOVEN",20997
"VLB00","VIERLINGSBEEK","0756","BMR00","BOXMEER","19","EINDHOVEN",20998
"VLD01","VLIELAND","0096","VLD01","VLIELAND","20","LEEUWARDEN",20999
"VLD02","VREELAND","1904","SSE00","STICHTSE VECHT","17","UTRECHT",21000
"VLH00","VOLLENHOVE","1708","SWK02","STEENWIJKERLAND","23","ZWOLLE",21001
"VLI00","VLIST","0623","VLI00","VLIST","15","ROTTERDAM",21002
"VLO00","VENLO","0983","VLO00","VENLO","18","ROERMOND",21003
"VMN00","VLIJMEN","0797","VMN00","VLIJMEN","19","EINDHOVEN",21004
"VND00","VEENENDAAL","0345","VND00","VEENENDAAL","17","UTRECHT",21005
"VOO00","VOORST","0285","VOO00","VOORST","25","ARNHEM",21006
"VPD00","VIERPOLDERS","0501","BLE02","BRIELLE","15","ROTTERDAM",21007
"VRD00","VOERENDAAL","0986","VRD00","VOERENDAAL","18","ROERMOND",21008
"VRE00","VEERE","0717","VRE00","VEERE","12","MIDDELBURG",21009
"VRI00","VRIES","1730","TNL00","TYNAARLO","21","ASSEN",21010
"VRK00","VARIK","0304","NRE00","NEERIJNEN","25","ARNHEM",21011
"VRN00","VUREN","0733","LGW00","LINGEWAAL","25","ARNHEM",21012
"VRY00","VENRAY","0984","VRY00","VENRAY","18","ROERMOND",21013
"VSG00","VLISSINGEN","0718","VSG00","VLISSINGEN","12","MIDDELBURG",21014
"VSM01","VESSEM","0770","ESL00","EERSEL","19","EINDHOVEN",21015
"VSM02","NIEUW-VOSSEMEER","0851","SBG02","STEENBERGEN","13","BREDA",21016
"VSM03","OUD-VOSSEMEER","0716","TLN00","THOLEN","12","MIDDELBURG",21017
"VSN01","VELSEN","0453","VSN01","VELSEN","14","AMSTERDAM",21018
"VSN02","VAASSEN","0232","EPE00","EPE","25","ARNHEM",21019
"VSN03","VEESSEN","0246","HDE00","HEERDE","25","ARNHEM",21020
"VST00","VOORSCHOTEN","0626","VST00","VOORSCHOTEN","16","ZOETERMEER",21021
"VSV00","VARSSEVELD","1509","ISS01","OUDE IJSSELSTREEK","25","ARNHEM",21022
"VTN00","VLEUTEN","0344","UTT00","UTRECHT","17","UTRECHT",21023
"VUG00","VUGHT","0865","VUG00","VUGHT","19","EINDHOVEN",21024
"VWD01","VEENWOUDEN","1891","DTM01","DANTUMADIEL","20","LEEUWARDEN",21025
"VWD02","VLAGTWEDDE","0048","VWD02","VLAGTWEDDE","22","GRONINGEN",21026
"VWE00","LIEVE VROUWE PAROCHIE","0063","BIL02","HET BILDT","20","LEEUWARDEN",21027
"VWK00","VREESWIJK","0356","NWG00","NIEUWEGEIN","17","UTRECHT",21028
"VZV00","VRIEZENVEEN","1700","TTR01","TWENTERAND","23","ZWOLLE",21029
"WBG00","WOUBRUGGE","1884","KAA00","KAAG EN BRAASSEM","16","ZOETERMEER",21030
"WCN00","WIJCHEN","0296","WCN00","WIJCHEN","25","ARNHEM",21031
"WCR99","FICTIEVE KODE","9999","ZLD99","FICTIEVE KODE","12","MIDDELBURG",21032
"WDB01","WAARDENBURG","0304","NRE00","NEERIJNEN","25","ARNHEM",21033
"WDB02","WOUDENBERG","0351","WDB02","WOUDENBERG","17","UTRECHT",21034
"WDC00","WOUDRICHEM","0874","WDC00","WOUDRICHEM","13","BREDA",21035
"WDE01","WAARDE","0703","RMW00","REIMERSWAAL","12","MIDDELBURG",21036
"WDE02","LANGE RUIGE WEIDE","1901","BDG02","BODEGRAVEN-REEUWIJK","15","ROTTERDAM",21037
"WDE03","WEDDE","0007","BLW00","BELLINGWEDDE","22","GRONINGEN",21038
"WDM00","WIRDUM","0080","LWD00","LEEUWARDEN","20","LEEUWARDEN",21039
"WDN01","WOERDEN","0632","WDN01","WOERDEN","17","UTRECHT",21040
"WDN02","WIERDEN","0189","WDN02","WIERDEN","23","ZWOLLE",21041
"WDN03","WADENOIJEN","0281","TIE00","TIEL","25","ARNHEM",21042
"WDP00","WESTDORPE","0715","TNZ00","TERNEUZEN","12","MIDDELBURG",21043
"WDR01","WARDER","0478","ZVG00","ZEEVANG","24","ALKMAAR",21044
"WDR02","WAARDER","1901","BDG02","BODEGRAVEN-REEUWIJK","15","ROTTERDAM",21045
"WDT00","WOENSDRECHT","0873","WDT00","WOENSDRECHT","13","BREDA",21046
"WDV01","WADDINXVEEN","0627","WDV01","WADDINXVEEN","15","ROTTERDAM",21047
"WDV02","WILDERVANK","0047","VDM00","VEENDAM","22","GRONINGEN",21048
"WDV03","WILDERVANK DE","0037","SKN01","STADSKANAAL","22","GRONINGEN",21049
"WDW00","WIJDEWORMER","0880","WML00","WORMERLAND","24","ALKMAAR",21050
"WDZ01","WADDENZEE I","0000","WDZ01","WADDENZEE I","22","GRONINGEN",21051
"WDZ02","WADDENZEE II","0000","WDZ02","WADDENZEE II","20","LEEUWARDEN",21052
"WDZ03","WADDENZEE III","0000","WDZ03","WADDENZEE III","24","ALKMAAR",21053
"WED00","WOUDSEND","1900","FLN00","SUDWEST FRYSLAN","20","LEEUWARDEN",21054
"WEE01","WEERT","0988","WEE01","WEERT","18","ROERMOND",21055
"WEE02","WEESP","0457","WEE02","WEESP","14","AMSTERDAM",21056
"WEH00","WEHL","0222","DTC03","DOETINCHEM","25","ARNHEM",21057
"WEU00","WEURT","0209","BNG00","BEUNINGEN","25","ARNHEM",21058
"WFM00","WARFFUM","1651","EMD03","EEMSMOND","22","GRONINGEN",21059
"WGD00","WIJNGAARDEN","1927","MLW00","MOLENWAARD","15","ROTTERDAM",21060
"WGN00","WAGENINGEN","0289","WGN00","WAGENINGEN","25","ARNHEM",21061
"WHE00","WIJHE","1773","OLS01","OLST-WIJHE","23","ZWOLLE",21062
"WHV00","WERKHOVEN","0312","BNK02","BUNNIK","17","UTRECHT",21063
"WIJ01","WIJK BIJ DUURSTEDE","0352","WIJ01","WIJK BIJ DUURSTEDE","17","UTRECHT",21064
"WIJ02","WIJK AAN ZEE EN DUIN","0375","BVW00","BEVERWIJK","24","ALKMAAR",21065
"WIJ03","DE WIJK","1690","WDN03","DE WOLDEN","21","ASSEN",21066
"WIL00","WILP","0285","VOO00","VOORST","25","ARNHEM",21067
"WIS00","WISCH","1509","ISS01","OUDE IJSSELSTREEK","25","ARNHEM",21068
"WKD00","WERKENDAM","0870","WKD00","WERKENDAM","13","BREDA",21069
"WKM00","WORKUM","1900","FLN00","SUDWEST FRYSLAN","20","LEEUWARDEN",21070
"WKP00","WESTKAPELLE","0717","VRE00","VEERE","12","MIDDELBURG",21071
"WLG00","WILLIGE-LANGERAK","0331","LPK00","LOPIK","17","UTRECHT",21072
"WLK00","WILLESKOP","0335","MFT01","MONTFOORT","17","UTRECHT",21073
"WLS00","WILLEMSTAD","1709","MDK00","MOERDIJK","13","BREDA",21074
"WMD01","WARMOND","1525","TLG00","TEYLINGEN","16","ZOETERMEER",21075
"WMD02","WEMELDINGE","0678","KPL01","KAPELLE","12","MIDDELBURG",21076
"WMH00","WARMENHUIZEN","0441","SGN00","SCHAGEN","24","ALKMAAR",21077
"WML00","WAMEL","0668","MAA01","WEST MAAS EN WAAL","25","ARNHEM",21078
"WMR00","WORMER","0880","WML00","WORMERLAND","24","ALKMAAR",21079
"WMS01","WESTMAAS","0585","BNM00","BINNENMAAS","15","ROTTERDAM",21080
"WMS02","WOMMELS","0140","LTS00","LITTENSERADIEL","20","LEEUWARDEN",21081
"WMS03","WITMARSUM","1900","FLN00","SUDWEST FRYSLAN","20","LEEUWARDEN",21082
"WMV00","WORMERVEER","0479","ZSD00","ZAANSTAD","14","AMSTERDAM",21083
"WNM00","WOGNUM","0420","MDB02","MEDEMBLIK","24","ALKMAAR",21084
"WNP00","WANNEPERVEEN","1708","SWK02","STEENWIJKERLAND","23","ZWOLLE",21085
"WNR00","WIJNANDSRADE","0951","NUT00","NUTH","18","ROERMOND",21086
"WNS00","WILNIS","0736","RDE01","DE RONDE VENEN","17","UTRECHT",21087
"WOU00","WOUW","1674","RSD00","ROOSENDAAL","13","BREDA",21088
"WPK01","WASPIK","0867","WWK00","WAALWIJK","13","BREDA",21089
"WPK02","WEESPERKARSPEL","0363","ASD02","AMSTERDAM","14","AMSTERDAM",21090
"WRE01","WIJLRE","1729","GPN00","GULPEN-WITTEM","18","ROERMOND",21091
"WRE02","WAALRE","0866","WRE02","WAALRE","19","EINDHOVEN",21092
"WRG01","WIERINGEN","1911","HLS00","HOLLANDS KROON","24","ALKMAAR",21093
"WRG02","WIERINGERWAARD","1911","HLS00","HOLLANDS KROON","24","ALKMAAR",21094
"WRG03","WIERINGERMEER","1911","HLS00","HOLLANDS KROON","24","ALKMAAR",21095
"WRG04","WARREGA","0055","BSH01","BOARNSTERHIM","20","LEEUWARDEN",21096
"WRJ00","WANROIJ","1702","ATN03","SINT ANTHONIS","19","EINDHOVEN",21097
"WSK00","WISSENKERKE","1695","BVL00","NOORD-BEVELAND","12","MIDDELBURG",21098
"WSL01","WOENSEL","0772","EHV00","EINDHOVEN","19","EINDHOVEN",21099
"WSL02","WEERSELO","1774","DKL00","DINKELLAND","23","ZWOLLE",21100
"WSM01","WESSEM","1641","MGW00","MAASGOUW","18","ROERMOND",21101
"WSM02","WANSSUM","0984","VRY00","VENRAY","18","ROERMOND",21102
"WSM03","WILSUM","0166","KPN01","KAMPEN","23","ZWOLLE",21103
"WSM04","WINSUM","0053","WSM04","WINSUM","22","GRONINGEN",21104
"WSN01","WASSENAAR","0629","WSN01","WASSENAAR","16","ZOETERMEER",21105
"WSN02","WINSSEN","0209","BNG00","BEUNINGEN","25","ARNHEM",21106
"WST00","WINSCHOTEN","1895","OAT00","OLDAMBT","22","GRONINGEN",21107
"WTB00","WESTERBORK","1731","DTE00","MIDDEN-DRENTHE","21","ASSEN",21108
"WTG01","WESTERGEEST","0079","KLM02","KOLLUMERLAND EN NIEUWKRUISLAND","20","LEEUWARDEN",21109
"WTG02","WATERGRAAFSMEER","0363","ASD02","AMSTERDAM","14","AMSTERDAM",21110
"WTH00","WESTERHOVEN","1724","BEK00","BERGEIJK","19","EINDHOVEN",21111
"WTL00","WATERLAND","0852","WTL00","WATERLAND","24","ALKMAAR",21112
"WTM00","WITTEM","1729","GPN00","GULPEN-WITTEM","18","ROERMOND",21113
"WTR00","WATERINGEN","1783","WLD00","WESTLAND","16","ZOETERMEER",21114
"WTS00","WESTERSCHOUWEN","1676","SWN00","SCHOUWEN-DUIVELAND","12","MIDDELBURG",21115
"WTV00","WESTERVOORT","0293","WTV00","WESTERVOORT","25","ARNHEM",21116
"WTW00","WINTERSWIJK","0294","WTW00","WINTERSWIJK","25","ARNHEM",21117
"WVD00","WARNSVELD","0301","ZPN00","ZUTPHEN","25","ARNHEM",21118
"WVG00","WOLVEGA","0098","WSL03","WESTSTELLINGWERF","20","LEEUWARDEN",21119
"WVH00","WERVERSHOOF","0420","MDB02","MEDEMBLIK","24","ALKMAAR",21120
"WVN00","WESTVOORNE","0614","WVN00","WESTVOORNE","15","ROTTERDAM",21121
"WVV00","WAVERVEEN","0736","RDE01","DE RONDE VENEN","17","UTRECHT",21122
"WWK00","WAALWIJK","0867","WWK00","WAALWIJK","13","BREDA",21123
"WZN00","WESTZAAN","0479","ZSD00","ZAANSTAD","14","AMSTERDAM",21124
"WZV99","FICTIEVE CODE","9999","ZLD99","FICTIEVE KODE","12","MIDDELBURG",21125
"YSK00","YERSEKE","0703","RMW00","REIMERSWAAL","12","MIDDELBURG",21126
"ZAL00","ZALK","0166","KPN01","KAMPEN","23","ZWOLLE",21127
"ZAN00","'T ZANDT","0024","LPS00","LOPPERSUM","22","GRONINGEN",21128
"ZBK00","ZUIDBROEK","1987","MTW00","MENTERWOLDE","22","GRONINGEN",21129
"ZBM00","ZALTBOMMEL","0297","ZBM00","ZALTBOMMEL","25","ARNHEM",21130
"ZDK00","ZAANDIJK","0479","ZSD00","ZAANSTAD","14","AMSTERDAM",21131
"ZDM01","ZAANDAM","0479","ZSD00","ZAANSTAD","14","AMSTERDAM",21132
"ZDM02","ZEDDAM","1955","MFL00","MONTFERLAND","25","ARNHEM",21133
"ZDR00","ZEDERIK","0707","ZDR00","ZEDERIK","15","ROTTERDAM",21134
"ZDT01","ZWIJNDRECHT","0642","ZDT01","ZWIJNDRECHT","15","ROTTERDAM",21135
"ZDT02","ZUNDERT","0879","ZDT02","ZUNDERT","13","BREDA",21136
"ZEI00","ZEIST","0355","ZEI00","ZEIST","17","UTRECHT",21137
"ZHM00","ZELHEM","1876","BHT00","BRONCKHORST","25","ARNHEM",21138
"ZHN00","ZUIDHORN","0056","ZHN00","ZUIDHORN","22","GRONINGEN",21139
"ZLC00","ZUILICHEM","0297","ZBM00","ZALTBOMMEL","25","ARNHEM",21140
"ZLD01","ZUIDLAND","0568","BNS04","BERNISSE","15","ROTTERDAM",21141
"ZLD02","ZEELAND","1685","LDD01","LANDERD","19","EINDHOVEN",21142
"ZLE00","ZWOLLE","0193","ZLE00","ZWOLLE","23","ZWOLLE",21143
"ZLK00","ZWOLLERKERSPEL","0193","ZLE00","ZWOLLE","23","ZWOLLE",21144
"ZLN01","ZOELEN","0214","BRN00","BUREN","25","ARNHEM",21145
"ZLN02","ZUILEN","0344","UTT00","UTRECHT","17","UTRECHT",21146
"ZLO00","ZWEELOO","0109","CVD00","COEVORDEN","21","ASSEN",21147
"ZLR00","ZUIDLAREN","1730","TNL00","TYNAARLO","21","ASSEN",21148
"ZLW00","HOOGE EN LAGE ZWALUWE","1719","DML00","DRIMMELEN","13","BREDA",21149
"ZPE00","ZIJPE","0441","SGN00","SCHAGEN","24","ALKMAAR",21150
"ZPN00","ZUTPHEN","0301","ZPN00","ZUTPHEN","25","ARNHEM",21151
"ZRZ00","ZIERIKZEE","1676","SWN00","SCHOUWEN-DUIVELAND","12","MIDDELBURG",21152
"ZSG00","ZAAMSLAG","0715","TNZ00","TERNEUZEN","12","MIDDELBURG",21153
"ZSS00","ZWARTSLUIS","1896","ZTW02","ZWARTEWATERLAND","23","ZWOLLE",21154
"ZTM00","ZOETERMEER","0637","ZTM00","ZOETERMEER","16","ZOETERMEER",21155
"ZTN00","ZETTEN","1734","OVB00","OVERBETUWE","25","ARNHEM",21156
"ZTV00","ZOUTEVEEN","1842","MDN03","MIDDEN-DELFLAND","16","ZOETERMEER",21157
"ZTW01","ZOETERWOUDE","0638","ZTW01","ZOETERWOUDE","16","ZOETERMEER",21158
"ZTW02","ZWARTEWAAL","0501","BLE02","BRIELLE","15","ROTTERDAM",21159
"ZVB00","ZEVENBERGEN","1709","MDK00","MOERDIJK","13","BREDA",21160
"ZVD00","ZEGVELD","0632","WDN01","WOERDEN","17","UTRECHT",21161
"ZVH01","ZEVENHOVEN","0569","NKP01","NIEUWKOOP","16","ZOETERMEER",21162
"ZVH02","ZEVENHUIZEN","1892","ZPS00","ZUIDPLAS","15","ROTTERDAM",21163
"ZVN01","ZEVENAAR","0299","ZVN01","ZEVENAAR","25","ARNHEM",21164
"ZVN02","OUD-ZEVENAAR","0299","ZVN01","ZEVENAAR","25","ARNHEM",21165
"ZVT00","ZANDVOORT","0473","ZVT00","ZANDVOORT","14","AMSTERDAM",21166
"ZWD01","ZEGWAARD","0637","ZTM00","ZOETERMEER","16","ZOETERMEER",21167
"ZWD02","ZUIDWOLDE","1690","WDN03","DE WOLDEN","21","ASSEN",21168
"ZWD03","ZEEWOLDE","0050","ZWD03","ZEEWOLDE","26","LELYSTAD",21169
"DTO02","DINTELOORD","0851","SBG02","STEENBERGEN","13","BREDA",20210
"DVL00","DUIVELAND","1676","SWN00","SCHOUWEN-DUIVELAND","12","MIDDELBURG",20211
"DVN00","DUIVEN","0226","DVN00","DUIVEN","25","ARNHEM",20212
"DVR00","DIEVER","1701","WTV01","WESTERVELD","21","ASSEN",20213
"DVT00","DEVENTER","0150","DVT00","DEVENTER","23","ZWOLLE",20214
"DWD00","DUURSWOUDE","0086","OSL00","OPSTERLAND","20","LEEUWARDEN",20215
"DWH00","DOORWERTH","0274","RKM00","RENKUM","25","ARNHEM",20216
"DZL01","DELFZIJL","0010","DZL01","DELFZIJL","22","GRONINGEN",20217
"EBG01","ELBURG","0230","EBG01","ELBURG","25","ARNHEM",20218
"EBG02","EIBERGEN","1859","BKL10","BERKELLAND","25","ARNHEM",20219
"ECH00","ECHT","1711","ECH01","ECHT-SUSTEREN","18","ROERMOND",20220
"ECK00","ECK EN WIEL","0214","BRN00","BUREN","25","ARNHEM",20221
"EDE01","EDE","0228","EDE01","EDE","25","ARNHEM",20222
"EDE02","EELDE","1730","TNL00","TYNAARLO","21","ASSEN",20223
"EDM00","EDAM","0385","EDM00","EDAM-VOLENDAM","24","ALKMAAR",20224
"EDN00","EIJSDEN","1903","EDN01","EIJSDEN-MARGRATEN","18","ROERMOND",20225
"EEX00","EE","0058","DGR00","DONGERADEEL","20","LEEUWARDEN",20226
"EHV00","EINDHOVEN","0772","EHV00","EINDHOVEN","19","EINDHOVEN",20227
"EHZ00","ENKHUIZEN","0388","EHZ00","ENKHUIZEN","24","ALKMAAR",20228
"ELO00","ELSLOO","0971","STE00","STEIN","18","ROERMOND",20229
"ELS00","ELST","1734","OVB00","OVERBETUWE","25","ARNHEM",20230
"EMD01","EGMOND AAN ZEE","0373","BGN03","BERGEN (NH)","24","ALKMAAR",20231
"EMD02","EGMOND-BINNEN","0373","BGN03","BERGEN (NH)","24","ALKMAAR",20232
"EML00","ERMELO","0233","EML00","ERMELO","25","ARNHEM",20233
"EMN00","EMMEN","0114","EMN00","EMMEN","21","ASSEN",20234
"ENS00","EEMNES","0317","ENS00","EEMNES","17","UTRECHT",20235
"EPE00","EPE EN OENE","0232","EPE00","EPE","25","ARNHEM",20236
"ERM00","EENRUM","1663","MNE00","DE MARNE","22","GRONINGEN",20237
"ERP00","ERP","0860","VHL00","VEGHEL","19","EINDHOVEN",20238
"ESC00","ESCH","0788","HRN02","HAAREN","19","EINDHOVEN",20239
"ESD00","ENSCHEDE","0153","ESD00","ENSCHEDE","23","ZWOLLE",20240
"ESL00","EERSEL","0770","ESL00","EERSEL","19","EINDHOVEN",20241
"EST00","EST EN OPIJNEN","0304","NRE00","NEERIJNEN","25","ARNHEM",20242
"ETD00","ECHTELD","1740","NDR00","NEDER-BETUWE","25","ARNHEM",20243
"ETN01","ETTEN-LEUR","0777","ETN01","ETTEN-LEUR","13","BREDA",20244
"EVD00","EVERDINGEN","0620","VAN00","VIANEN","15","ROTTERDAM",20245
"EWK00","EWIJK","0209","BNG00","BEUNINGEN","25","ARNHEM",20246
"EZG00","EZINGE","0053","WSM04","WINSUM","22","GRONINGEN",20247
"FNK00","FRANEKER","0070","FNK02","FRANEKERADEEL","20","LEEUWARDEN",20248
"FNT01","FIJNAART","1709","MDK00","MOERDIJK","13","BREDA",20249
"FSW00","FINSTERWOLDE","1895","OAT00","OLDAMBT","22","GRONINGEN",20250
"FWD00","FERWERD","1722","FWD02","FERWERDERADIEL","20","LEEUWARDEN",20251
"GAA00","GAAST","1900","FLN00","SUDWEST FRYSLAN","20","LEEUWARDEN",20252
"GBG00","GRAMSBERGEN","0160","HDB00","HARDENBERG","23","ZWOLLE",20253
"GBK00","GROESBEEK","0241","GBK00","GROESBEEK","25","ARNHEM",20254
"GBV00","GRUBBENVORST","1507","HOR03","HORST AAN DE MAAS","18","ROERMOND",20255
"GDA01","GOUDA","0513","GDA01","GOUDA","15","ROTTERDAM",20256
"GDA02","GOUDRIAAN","1927","MLW00","MOLENWAARD","15","ROTTERDAM",20257
"GDG00","GENDRINGEN","1509","ISS01","OUDE IJSSELSTREEK","25","ARNHEM",20258
"GDM00","GELDERMALSEN","0236","GDM00","GELDERMALSEN","25","ARNHEM",20259
"GDP00","GELDROP","1771","GDP01","GELDROP-MIERLO","19","EINDHOVEN",20260
"GDR01","GOEDEREEDE","1924","GRE01","GOEREE-OVERFLAKKEE","15","ROTTERDAM",20261
"GDR02","GOUDERAK","0644","ODK03","OUDERKERK","15","ROTTERDAM",20262
"GDR03","GARDEREN","0203","BNV00","BARNEVELD","25","ARNHEM",20263
"GEN00","GENDT","1705","LGW01","LINGEWAARD","25","ARNHEM",20264
"GFN00","GEFFEN","1671","MKD00","MAASDONK","19","EINDHOVEN",20265
"GHN00","GIETHOORN","1708","SWK02","STEENWIJKERLAND","23","ZWOLLE",20266
"GHT00","GRAFHORST","0166","KPN01","KAMPEN","23","ZWOLLE",20267
"GKK01","GRIJPSKERK","0056","ZHN00","ZUIDHORN","22","GRONINGEN",20268
"GKK02","GIEKERK","0737","TJS00","TYTSJERKSTERADIEL","20","LEEUWARDEN",20269
"GLE01","GOIRLE","0785","GLE01","GOIRLE","13","BREDA",20270
"GLE02","GEULLE","0938","MSN01","MEERSSEN","18","ROERMOND",20271
"GLN00","GELEEN","1883","STD01","SITTARD-GELEEN","18","ROERMOND",20272
"GLO00","GROENLO","1586","GRE00","OOST GELRE","25","ARNHEM",20273
"GMR00","GAMEREN","0297","ZBM00","ZALTBOMMEL","25","ARNHEM",20274
"GMT00","GEMERT","1652","GMT00","GEMERT-BAKEL","19","EINDHOVEN",20275
"GNG00","GRONINGEN A T/M R","0014","GNG00","GRONINGEN","22","GRONINGEN",20276
"GNG01","GRONINGEN AA T/M AD","0014","GNG00","GRONINGEN","22","GRONINGEN",20277
"GNK01","NIEUW-GINNEKEN","0758","BDA00","BREDA","13","BREDA",20278
"GNK02","GINNEKEN","0758","BDA00","BREDA","13","BREDA",20279
"GNM00","GENEMUIDEN","1896","ZTW02","ZWARTEWATERLAND","23","ZWOLLE",20280
"GNP00","GENNEP","0907","GNP00","GENNEP","18","ROERMOND",20281
"GOE00","GOES","0664","GOE00","GOES","12","MIDDELBURG",20282
"GOO00","GOOR","1735","HOF00","HOF VAN TWENTE","23","ZWOLLE",20283
"PSB00","PRINSENBEEK","0758","BDA00","BREDA","13","BREDA",20799
"PTE00","PUTTE","0873","WDT00","WOENSDRECHT","13","BREDA",20800
"PTG00","POORTUGAAL","0613","ABW00","ALBRANDSWAARD","15","ROTTERDAM",20801
"PTH01","PUTTERSHOEK","0585","BNM00","BINNENMAAS","15","ROTTERDAM",20802
"PTH02","POSTERHOLT","1669","RDL01","ROERDALEN","18","ROERMOND",20803
"PTN01","PUTTEN","0273","PTN01","PUTTEN","25","ARNHEM",20804
"PTN02","PETTEN","0441","SGN00","SCHAGEN","24","ALKMAAR",20805
"PTR00","SINT PIETER","0935","MTT00","MAASTRICHT","18","ROERMOND",20806
"PVT00","POORTVLIET","0716","TLN00","THOLEN","12","MIDDELBURG",20807
"PZE00","PEIZE","1699","NDV00","NOORDENVELD","21","ASSEN",20808
"RBG01","RIJSBERGEN","0879","ZDT02","ZUNDERT","13","BREDA",20809
"RBG02","RIJNSBURG","0537","KWK01","KATWIJK","16","ZOETERMEER",20810
"RDE00","ROLDE","1680","AAH00","AA EN HUNZE","21","ASSEN",20811
"RDH00","ROORDAHUIZUM","0055","BSH01","BOARNSTERHIM","20","LEEUWARDEN",20812
"RDK01","RIDDERKERK","0597","RDK01","RIDDERKERK","15","ROTTERDAM",20813
"RDK02","RAAMSDONK","0779","GTD01","GEERTRUIDENBERG","13","BREDA",20814
"RDN01","RODEN","1699","NDV00","NOORDENVELD","21","ASSEN",20815
"RDN02","RHEDEN","0275","RDN02","RHEDEN","25","ARNHEM",20816
"RDP00","RANSDORP","0363","ASD02","AMSTERDAM","14","AMSTERDAM",20817
"RGL00","ROGGEL","1640","LDL00","LEUDAL","18","ROERMOND",20818
"RHO00","RHOON","0613","ABW00","ALBRANDSWAARD","15","ROTTERDAM",20819
"RHV00","RIETHOVEN","1724","BEK00","BERGEIJK","19","EINDHOVEN",20820
"RIE00","RIED","0070","FNK02","FRANEKERADEEL","20","LEEUWARDEN",20821
"RIJ00","DE RIJP","0365","GRA01","GRAFT-DE RIJP","24","ALKMAAR",20822
"RKJ00","ROCKANJE","0614","WVN00","WESTVOORNE","15","ROTTERDAM",20823
"RKM00","RENKUM","0274","RKM00","RENKUM","25","ARNHEM",20824
"RLD00","RILLAND","0703","RMW00","REIMERSWAAL","12","MIDDELBURG",20825
"RLO00","RUURLO","1859","BKL10","BERKELLAND","25","ARNHEM",20826
"RMD00","ROERMOND","0957","RMD00","ROERMOND","18","ROERMOND",20827
"RML00","ROSMALEN","0796","HTG00","'S-HERTOGENBOSCH","19","EINDHOVEN",20828
"RMW00","REIMERSWAAL","0703","RMW00","REIMERSWAAL","12","MIDDELBURG",20829
"RNN01","RHENEN","0340","RNN01","RHENEN","17","UTRECHT",20830
"RNN02","RUINEN","1690","WDN03","DE WOLDEN","21","ASSEN",20831
"RNW00","RUINERWOLD","1690","WDN03","DE WOLDEN","21","ASSEN",20832
"RPN00","RUCPHEN","0840","RPN00","RUCPHEN","13","BREDA",20833
"RSD00","ROOSENDAAL EN NISPEN","1674","RSD00","ROOSENDAAL","13","BREDA",20834
"RSL00","REUSEL","1667","RSL00","REUSEL-DE MIERDEN","19","EINDHOVEN",20835
"RSM00","ROSSUM","0263","MDL01","MAASDRIEL","25","ARNHEM",20836
"RSN01","RIJSSEN","1742","RSN02","RIJSSEN-HOLTEN","23","ZWOLLE",20837
"RSN02","RESSEN","1705","LGW01","LINGEWAARD","25","ARNHEM",20838
"RST00","RIJNSATERWOUDE","1884","KAA00","KAAG EN BRAASSEM","16","ZOETERMEER",20839
"RTD04","ROTTERDAM 4E AFD","0599","RTD01","ROTTERDAM","15","ROTTERDAM",20840
"RTD05","ROTTERDAM 5E AFD","0599","RTD01","ROTTERDAM","15","ROTTERDAM",20841
"RTD06","ROTTERDAM 6E AFD","0599","RTD01","ROTTERDAM","15","ROTTERDAM",20842
"RTD07","ROTTERDAM 7E AFD","0599","RTD01","ROTTERDAM","15","ROTTERDAM",20843
"RTD08","ROTTERDAM 8E AFD","0599","RTD01","ROTTERDAM","15","ROTTERDAM",20844
"RTD09","ROTTERDAM 9E AFD","0599","RTD01","ROTTERDAM","15","ROTTERDAM",20845
"RTD10","ROTTERDAM 10E AFD","0599","RTD01","ROTTERDAM","15","ROTTERDAM",20846
"RTD12","ROTTERDAM 12E AFD","0599","RTD01","ROTTERDAM","15","ROTTERDAM",20847
"RTD13","ROTTERDAM 13E AFD","0599","RTD01","ROTTERDAM","15","ROTTERDAM",20848
"RTD14","ROTTERDAM 14E AFD","0599","RTD01","ROTTERDAM","15","ROTTERDAM",20849
"RTE00","RAALTE","0177","RTE00","RAALTE","23","ZWOLLE",20850
"RTR00","ROOSTEREN","1711","ECH01","ECHT-SUSTEREN","18","ROERMOND",20851
"RTV00","ROTTEVALLE","0090","SLE01","SMALLINGERLAND","20","LEEUWARDEN",20852
"RVD00","RIETVELD","0632","WDN01","WOERDEN","17","UTRECHT",20853
"RVS00","RAVENSTEIN","0828","OSS00","OSS","19","EINDHOVEN",20854
"RWD01","RENSWOUDE","0339","RWD01","RENSWOUDE","17","UTRECHT",20855
"RWD02","RAUWERD","0055","BSH01","BOARNSTERHIM","20","LEEUWARDEN",20856
"RWK01","RIJSWIJK","0603","RWK01","RIJSWIJK","16","ZOETERMEER",20857
"RWK02","REEUWIJK","1901","BDG02","BODEGRAVEN-REEUWIJK","15","ROTTERDAM",20858
"RWK03","RANDWIJK","1734","OVB00","OVERBETUWE","25","ARNHEM",20859
"RZB00","ROZENBURG","0599","RTD01","ROTTERDAM","15","ROTTERDAM",20860
"RZD00","ROZENDAAL","0277","RZD00","ROZENDAAL","25","ARNHEM",20861
"SAK00","SLENAKEN","1729","GPN00","GULPEN-WITTEM","18","ROERMOND",20862
"SAS00","SAS VAN GENT","0715","TNZ00","TERNEUZEN","12","MIDDELBURG",20863
"SBG01","SCHAESBERG","0882","LGF00","LANDGRAAF","18","ROERMOND",20864
"SBG02","STEENBERGEN","0851","SBG02","STEENBERGEN","13","BREDA",20865
"SBK01","SCHIEBROEK","0599","RTD01","ROTTERDAM","15","ROTTERDAM",20866
"SBK03","SPAUBEEK","0888","BEE02","BEEK","18","ROERMOND",20867
"SBR00","SEXBIERUM","0070","FNK02","FRANEKERADEEL","20","LEEUWARDEN",20868
"SCH01","SCHOORL","0373","BGN03","BERGEN (NH)","24","ALKMAAR",20869
"SCH02","SCHIN OP GEUL","0994","VKB01","VALKENBURG AAN DE GEUL","18","ROERMOND",20870
"SCH03","SCHAIJK","1685","LDD01","LANDERD","19","EINDHOVEN",20871
"SDA00","SCHEEMDA","1895","OAT00","OLDAMBT","22","GRONINGEN",20872
"SDB02","STANDDAARBUITEN","1709","MDK00","MOERDIJK","13","BREDA",20873
"SDE01","SMILDE","1731","DTE00","MIDDEN-DRENTHE","21","ASSEN",20874
"SDE02","STEDE BROEC","0532","SDE02","STEDE BROEC","24","ALKMAAR",20875
"SDL00","SCHIJNDEL","0844","SDL00","SCHIJNDEL","19","EINDHOVEN",20876
"SDM01","SCHIEDAM","0606","SDM01","SCHIEDAM","15","ROTTERDAM",20877
"SDM02","STEDUM","0024","LPS00","LOPPERSUM","22","GRONINGEN",20878
"SDR00","STEENDEREN","1876","BHT00","BRONCKHORST","25","ARNHEM",20879
"SDT00","SLIEDRECHT","0610","SDT00","SLIEDRECHT","15","ROTTERDAM",20880
"SEN00","STRIJEN","0617","SEN00","STRIJEN","15","ROTTERDAM",20881
"SGN00","SCHAGEN","0441","SGN00","SCHAGEN","24","ALKMAAR",20882
"SHT01","STIPHOUT","0794","HMD00","HELMOND","19","EINDHOVEN",20883
"SHT02","STAPHORST","0180","SHT02","STAPHORST","23","ZWOLLE",20884
"SHV00","SCHOONHOVEN","0608","SHV00","SCHOONHOVEN","15","ROTTERDAM",20885
"SHZ00","SURHUIZUM","0059","AKS02","ACHTKARSPELEN","20","LEEUWARDEN",20886
"SKK00","STREEFKERK","1927","MLW00","MOLENWAARD","15","ROTTERDAM",20887
"SKN00","SPIJKENISSE","0612","SKN00","SPIJKENISSE","15","ROTTERDAM",20888
"SLD01","STELLENDAM","1924","GRE01","GOEREE-OVERFLAKKEE","15","ROTTERDAM",20889
"SLD02","SCHIPLUIDEN","1842","MDN03","MIDDEN-DELFLAND","16","ZOETERMEER",20890
"SLE00","SLEEN","0109","CVD00","COEVORDEN","21","ASSEN",20891
"SLN00","SCHELLUINEN","0689","GSL00","GIESSENLANDEN","15","ROTTERDAM",20892
"SLU00","SLUIS","1714","SLU02","SLUIS","12","MIDDELBURG",20893
"SMD00","SOMMELSDIJK","1924","GRE01","GOEREE-OVERFLAKKEE","15","ROTTERDAM",20894
"SMN01","SCHIERMONNIKOOG","0088","SMN01","SCHIERMONNIKOOG","20","LEEUWARDEN",20895
"SMN02","SWALMEN","0957","RMD00","ROERMOND","18","ROERMOND",20896
"SMR01","SCHERMER","0458","SMR01","SCHERMER","24","ALKMAAR",20897
"SMR02","SOMEREN","0847","SMR02","SOMEREN","19","EINDHOVEN",20898
"SMT00","SCHIMMERT","0951","NUT00","NUTH","18","ROERMOND",20899
"SNB00","SCHOONEBEEK","0114","EMN00","EMMEN","21","ASSEN",20900
"SNE00","SNEEK","1900","FLN00","SUDWEST FRYSLAN","20","LEEUWARDEN",20901
"SNG00","SCHARNEGOUTUM","1900","FLN00","SUDWEST FRYSLAN","20","LEEUWARDEN",20902
"SNN00","SCHINNEN","0962","SNN00","SCHINNEN","18","ROERMOND",20903
"SOE00","SOEST","0342","SOE00","SOEST","17","UTRECHT",20904
"SON00","SON EN BREUGEL","0848","SON00","SON EN BREUGEL","19","EINDHOVEN",20905
"SPM00","SAPPEMEER","0018","HGZ00","HOOGEZAND-SAPPEMEER","22","GRONINGEN",20906
"SPN00","SCHERPENISSE","0716","TLN00","THOLEN","12","MIDDELBURG",20907
"SPR01","SPRANG","0867","WWK00","WAALWIJK","13","BREDA",20908
"SPV00","SIMPELVELD","0965","SPV00","SIMPELVELD","18","ROERMOND",20909
"SPZ00","SCHERPENZEEL","0279","SPZ00","SCHERPENZEEL","25","ARNHEM",20910
"SRD00","SOERENDONK","1706","CND00","CRANENDONCK","19","EINDHOVEN",20911
"SRN00","HOOG SOEREN","0200","APD00","APELDOORN","25","ARNHEM",20912
"SRW01","SNELREWAARD","0589","ODW00","OUDEWATER","17","UTRECHT",20913
"SRW02","SCHOONREWOERD","0545","LDM00","LEERDAM","15","ROTTERDAM",20914
"SRY00","STRAMPROY","0988","WEE01","WEERT","18","ROERMOND",20915
"SSH00","SASSENHEIM","1525","TLG00","TEYLINGEN","16","ZOETERMEER",20916
"STB00","STOUTENBURG","0327","LDN02","LEUSDEN","17","UTRECHT",20917
"STD00","SITTARD","1883","STD01","SITTARD-GELEEN","18","ROERMOND",20918
"STE00","STEIN","0971","STE00","STEIN","18","ROERMOND",20919
"STM00","STRATUM","0772","EHV00","EINDHOVEN","19","EINDHOVEN",20920
"STN01","SCHOTEN","0392","HLM01","HAARLEM","14","AMSTERDAM",20921
"STN02","SLOTEN (N.H.)","0363","ASD02","AMSTERDAM","14","AMSTERDAM",20922
"STN03","SLOTEN (FR)","0653","GTL01","GAASTERLAN-SLEAT","20","LEEUWARDEN",20923
"STR01","SUSTEREN","1711","ECH01","ECHT-SUSTEREN","18","ROERMOND",20924
"STR02","SLOCHTEREN","0040","STR02","SLOCHTEREN","22","GRONINGEN",20925
"STR03","STRIJP","0772","EHV00","EINDHOVEN","19","EINDHOVEN",20926
"SVD00","SCHINVELD","0881","ODB00","ONDERBANKEN","18","ROERMOND",20927
"SVN01","SEVENUM","1507","HOR03","HORST AAN DE MAAS","18","ROERMOND",20928
"SVN02","STAVENISSE","0716","TLN00","THOLEN","12","MIDDELBURG",20929
"SVR00","STAVEREN","1900","FLN00","SUDWEST FRYSLAN","20","LEEUWARDEN",20930
"SVW00","STEVENSWEERT","1641","MGW00","MAASGOUW","18","ROERMOND",20931
"SWK01","STEENWIJK","1708","SWK02","STEENWIJKERLAND","23","ZWOLLE",20932
"SWK02","STOLWIJK","0623","VLI00","VLIST","15","ROTTERDAM",20933
"SWK03","STOMPWIJK","1916","LSD01","LEIDSCHENDAM-VOORBURG","16","ZOETERMEER",20934
"SWK05","STEENWIJKERWOLD","1708","SWK02","STEENWIJKERLAND","23","ZWOLLE",20935
"TBG01","TILBURG","0855","TBG01","TILBURG","13","BREDA",20936
"TBG02","TUBBERGEN","0183","TBG02","TUBBERGEN","23","ZWOLLE",20937
"TEL00","TEXEL","0448","TEL00","TEXEL","24","ALKMAAR",20938
"TGE00","NIEUWE TONGE","1924","GRE01","GOEREE-OVERFLAKKEE","15","ROTTERDAM",20939
